Plot,Species,Tally_date,DBH_size_class,Status,Tally,Biomass
AC103,ACRU,2014-06-10,0_to_2,Alive,1,0.03117
AC103,ACRU,2014-06-10,0_to_2,Dead,1,0.03117
AC103,ACRU,2014-06-10,2_to_4,Alive,5,3.29723311
AC103,ACRU,2014-06-10,2_to_4,Dead,4,2.637786488
AC103,ACRU,2014-06-10,4_to_6,Alive,4,10.90273523
AC103,ACRU,2014-06-10,4_to_6,Dead,0,0
AC103,ACRU,2014-06-10,6_to_8,Alive,6,41.64572316
AC103,ACRU,2014-06-10,6_to_8,Dead,6,41.64572316
AC103,PIRE,2014-06-10,0_to_2,Alive,18,0.9468
AC103,PIRE,2014-06-10,0_to_2,Dead,0,0
AC103,PIRE,2014-06-10,2_to_4,Alive,3,2.530578792
AC103,PIRE,2014-06-10,2_to_4,Dead,0,0
AC103,PIRE,2014-06-10,4_to_6,Alive,0,0
AC103,PIRE,2014-06-10,4_to_6,Dead,0,0
AC103,PIRE,2014-06-10,6_to_8,Alive,0,0
AC103,PIRE,2014-06-10,6_to_8,Dead,0,0
AC103,PIST,2014-06-10,0_to_2,Alive,4,0.1632
AC103,PIST,2014-06-10,0_to_2,Dead,0,0
AC103,PIST,2014-06-10,2_to_4,Alive,4,2.757983753
AC103,PIST,2014-06-10,2_to_4,Dead,0,0
AC103,PIST,2014-06-10,4_to_6,Alive,0,0
AC103,PIST,2014-06-10,4_to_6,Dead,0,0
AC103,PIST,2014-06-10,6_to_8,Alive,1,6.102671164
AC103,PIST,2014-06-10,6_to_8,Dead,0,0
AC103,QURU,2014-06-10,0_to_2,Alive,1,0.0398
AC103,QURU,2014-06-10,0_to_2,Dead,0,0
AC103,QURU,2014-06-10,2_to_4,Alive,0,0
AC103,QURU,2014-06-10,2_to_4,Dead,0,0
AC103,QURU,2014-06-10,4_to_6,Alive,0,0
AC103,QURU,2014-06-10,4_to_6,Dead,0,0
AC103,QURU,2014-06-10,6_to_8,Alive,0,0
AC103,QURU,2014-06-10,6_to_8,Dead,0,0
AC104,ACRU,2014-06-11,0_to_2,Alive,1,0.03117
AC104,ACRU,2014-06-11,0_to_2,Dead,3,0.09351
AC104,ACRU,2014-06-11,2_to_4,Alive,4,2.637786488
AC104,ACRU,2014-06-11,2_to_4,Dead,3,1.978339866
AC104,ACRU,2014-06-11,4_to_6,Alive,2,5.451367617
AC104,ACRU,2014-06-11,4_to_6,Dead,1,2.725683809
AC104,ACRU,2014-06-11,6_to_8,Alive,1,6.94095386
AC104,ACRU,2014-06-11,6_to_8,Dead,0,0
AC104,PIRE,2014-06-11,0_to_2,Alive,3,0.1578
AC104,PIRE,2014-06-11,0_to_2,Dead,0,0
AC104,PIRE,2014-06-11,2_to_4,Alive,0,0
AC104,PIRE,2014-06-11,2_to_4,Dead,0,0
AC104,PIRE,2014-06-11,4_to_6,Alive,1,3.065096704
AC104,PIRE,2014-06-11,4_to_6,Dead,0,0
AC104,PIRE,2014-06-11,6_to_8,Alive,1,7.170251246
AC104,PIRE,2014-06-11,6_to_8,Dead,0,0
AC104,PIST,2014-06-11,0_to_2,Alive,4,0.1632
AC104,PIST,2014-06-11,0_to_2,Dead,0,0
AC104,PIST,2014-06-11,2_to_4,Alive,0,0
AC104,PIST,2014-06-11,2_to_4,Dead,0,0
AC104,PIST,2014-06-11,4_to_6,Alive,2,5.134397224
AC104,PIST,2014-06-11,4_to_6,Dead,1,2.567198612
AC104,PIST,2014-06-11,6_to_8,Alive,3,18.30801349
AC104,PIST,2014-06-11,6_to_8,Dead,0,0
AC104,QURU,2014-06-11,0_to_2,Alive,8,0.3184
AC104,QURU,2014-06-11,0_to_2,Dead,0,0
AC104,QURU,2014-06-11,2_to_4,Alive,3,2.51334678
AC104,QURU,2014-06-11,2_to_4,Dead,0,0
AC104,QURU,2014-06-11,4_to_6,Alive,0,0
AC104,QURU,2014-06-11,4_to_6,Dead,0,0
AC104,QURU,2014-06-11,6_to_8,Alive,1,8.783709746
AC104,QURU,2014-06-11,6_to_8,Dead,0,0
AC104,FAGR,2014-06-11,0_to_2,Alive,0,0
AC104,FAGR,2014-06-11,0_to_2,Dead,0,0
AC104,FAGR,2014-06-11,2_to_4,Alive,1,2.392919529
AC104,FAGR,2014-06-11,2_to_4,Dead,0,0
AC104,FAGR,2014-06-11,4_to_6,Alive,0,0
AC104,FAGR,2014-06-11,4_to_6,Dead,0,0
AC104,FAGR,2014-06-11,6_to_8,Alive,0,0
AC104,FAGR,2014-06-11,6_to_8,Dead,0,0
AC107,ACRU,2014-06-12,0_to_2,Alive,0,0
AC107,ACRU,2014-06-12,0_to_2,Dead,1,0.03117
AC107,ACRU,2014-06-12,2_to_4,Alive,1,0.659446622
AC107,ACRU,2014-06-12,2_to_4,Dead,2,1.318893244
AC107,ACRU,2014-06-12,4_to_6,Alive,0,0
AC107,ACRU,2014-06-12,4_to_6,Dead,0,0
AC107,ACRU,2014-06-12,6_to_8,Alive,0,0
AC107,ACRU,2014-06-12,6_to_8,Dead,0,0
AC107,FAGR,2014-06-12,0_to_2,Alive,9,1.7028
AC107,FAGR,2014-06-12,0_to_2,Dead,0,0
AC107,FAGR,2014-06-12,2_to_4,Alive,1,2.392919529
AC107,FAGR,2014-06-12,2_to_4,Dead,0,0
AC107,FAGR,2014-06-12,4_to_6,Alive,0,0
AC107,FAGR,2014-06-12,4_to_6,Dead,0,0
AC107,FAGR,2014-06-12,6_to_8,Alive,0,0
AC107,FAGR,2014-06-12,6_to_8,Dead,0,0
AC107,PIST,2014-06-12,0_to_2,Alive,25,1.02
AC107,PIST,2014-06-12,0_to_2,Dead,1,0.0408
AC107,PIST,2014-06-12,2_to_4,Alive,24,16.54790252
AC107,PIST,2014-06-12,2_to_4,Dead,0,0
AC107,PIST,2014-06-12,4_to_6,Alive,23,59.04556807
AC107,PIST,2014-06-12,4_to_6,Dead,2,5.134397224
AC107,PIST,2014-06-12,6_to_8,Alive,18,109.8480809
AC107,PIST,2014-06-12,6_to_8,Dead,0,0
AC107,PIRE,2014-06-12,0_to_2,Alive,10,0.526
AC107,PIRE,2014-06-12,0_to_2,Dead,2,0.1052
AC107,PIRE,2014-06-12,2_to_4,Alive,5,4.21763132
AC107,PIRE,2014-06-12,2_to_4,Dead,0,0
AC107,PIRE,2014-06-12,4_to_6,Alive,0,0
AC107,PIRE,2014-06-12,4_to_6,Dead,0,0
AC107,PIRE,2014-06-12,6_to_8,Alive,1,7.170251246
AC107,PIRE,2014-06-12,6_to_8,Dead,0,0
AC107,QURU,2014-06-12,0_to_2,Alive,10,0.398
AC107,QURU,2014-06-12,0_to_2,Dead,2,0.0796
AC107,QURU,2014-06-12,2_to_4,Alive,24,20.10677424
AC107,QURU,2014-06-12,2_to_4,Dead,1,0.83778226
AC107,QURU,2014-06-12,4_to_6,Alive,7,24.18268518
AC107,QURU,2014-06-12,4_to_6,Dead,0,0
AC107,QURU,2014-06-12,6_to_8,Alive,8,70.26967797
AC107,QURU,2014-06-12,6_to_8,Dead,0,0
AC107,ABBA,2014-06-12,0_to_2,Alive,1,0.0752
AC107,ABBA,2014-06-12,0_to_2,Dead,0,0
AC107,ABBA,2014-06-12,2_to_4,Alive,0,0
AC107,ABBA,2014-06-12,2_to_4,Dead,0,0
AC107,ABBA,2014-06-12,4_to_6,Alive,0,0
AC107,ABBA,2014-06-12,4_to_6,Dead,0,0
AC107,ABBA,2014-06-12,6_to_8,Alive,0,0
AC107,ABBA,2014-06-12,6_to_8,Dead,0,0
AC107,Other,2014-06-12,0_to_2,Alive,0,0
AC107,Other,2014-06-12,0_to_2,Dead,1,0.163
AC107,Other,2014-06-12,2_to_4,Alive,0,0
AC107,Other,2014-06-12,2_to_4,Dead,0,0
AC107,Other,2014-06-12,4_to_6,Alive,0,0
AC107,Other,2014-06-12,4_to_6,Dead,0,0
AC107,Other,2014-06-12,6_to_8,Alive,0,0
AC107,Other,2014-06-12,6_to_8,Dead,0,0
BF7,PIST,NA,0_to_2,Alive,130,5.304
BF7,PIST,NA,0_to_2,Dead,1,0.0408
BF7,PIST,NA,2_to_4,Alive,21,14.4794147
BF7,PIST,NA,2_to_4,Dead,0,0
BF7,PIST,NA,4_to_6,Alive,5,12.83599306
BF7,PIST,NA,4_to_6,Dead,0,0
BF7,PIST,NA,6_to_8,Alive,5,30.51335582
BF7,PIST,NA,6_to_8,Dead,0,0
BF7,PIRE,NA,0_to_2,Alive,6,0.3156
BF7,PIRE,NA,0_to_2,Dead,1,0.0526
BF7,PIRE,NA,2_to_4,Alive,4,3.374105056
BF7,PIRE,NA,2_to_4,Dead,0,0
BF7,PIRE,NA,4_to_6,Alive,0,0
BF7,PIRE,NA,4_to_6,Dead,0,0
BF7,PIRE,NA,6_to_8,Alive,1,7.170251246
BF7,PIRE,NA,6_to_8,Dead,0,0
BF7,ACRU,NA,0_to_2,Alive,5,0.15585
BF7,ACRU,NA,0_to_2,Dead,5,0.15585
BF7,ACRU,NA,2_to_4,Alive,7,4.616126353
BF7,ACRU,NA,2_to_4,Dead,2,1.318893244
BF7,ACRU,NA,4_to_6,Alive,13,35.43388951
BF7,ACRU,NA,4_to_6,Dead,1,2.725683809
BF7,ACRU,NA,6_to_8,Alive,13,90.23240018
BF7,ACRU,NA,6_to_8,Dead,1,6.94095386
BF7,QURU,NA,0_to_2,Alive,0,0
BF7,QURU,NA,0_to_2,Dead,0,0
BF7,QURU,NA,2_to_4,Alive,1,0.83778226
BF7,QURU,NA,2_to_4,Dead,0,0
BF7,QURU,NA,4_to_6,Alive,0,0
BF7,QURU,NA,4_to_6,Dead,4,13.81867725
BF7,QURU,NA,6_to_8,Alive,0,0
BF7,QURU,NA,6_to_8,Dead,1,8.783709746
BF7,FAGR,NA,0_to_2,Alive,4,0.7568
BF7,FAGR,NA,0_to_2,Dead,0,0
BF7,FAGR,NA,2_to_4,Alive,0,0
BF7,FAGR,NA,2_to_4,Dead,0,0
BF7,FAGR,NA,4_to_6,Alive,0,0
BF7,FAGR,NA,4_to_6,Dead,0,0
BF7,FAGR,NA,6_to_8,Alive,0,0
BF7,FAGR,NA,6_to_8,Dead,0,0
BF8,PIST,2014-06-19,0_to_2,Alive,14,0.5712
BF8,PIST,2014-06-19,0_to_2,Dead,4,0.1632
BF8,PIST,2014-06-19,2_to_4,Alive,10,6.894959382
BF8,PIST,2014-06-19,2_to_4,Dead,1,0.689495938
BF8,PIST,2014-06-19,4_to_6,Alive,2,5.134397224
BF8,PIST,2014-06-19,4_to_6,Dead,1,2.567198612
BF8,PIST,2014-06-19,6_to_8,Alive,1,6.102671164
BF8,PIST,2014-06-19,6_to_8,Dead,0,0
BF8,ACRU,2014-06-19,0_to_2,Alive,21,0.65457
BF8,ACRU,2014-06-19,0_to_2,Dead,3,0.09351
BF8,ACRU,2014-06-19,2_to_4,Alive,12,7.913359463
BF8,ACRU,2014-06-19,2_to_4,Dead,3,1.978339866
BF8,ACRU,2014-06-19,4_to_6,Alive,17,46.33662474
BF8,ACRU,2014-06-19,4_to_6,Dead,4,10.90273523
BF8,ACRU,2014-06-19,6_to_8,Alive,23,159.6419388
BF8,ACRU,2014-06-19,6_to_8,Dead,0,0
BF8,QURU,2014-06-19,0_to_2,Alive,0,0
BF8,QURU,2014-06-19,0_to_2,Dead,0,0
BF8,QURU,2014-06-19,2_to_4,Alive,2,1.67556452
BF8,QURU,2014-06-19,2_to_4,Dead,1,0.83778226
BF8,QURU,2014-06-19,4_to_6,Alive,0,0
BF8,QURU,2014-06-19,4_to_6,Dead,0,0
BF8,QURU,2014-06-19,6_to_8,Alive,1,8.783709746
BF8,QURU,2014-06-19,6_to_8,Dead,4,35.13483898
BF8,Other,2014-06-19,0_to_2,Alive,0,0
BF8,Other,2014-06-19,0_to_2,Dead,1,0.163
BF8,Other,2014-06-19,2_to_4,Alive,0,0
BF8,Other,2014-06-19,2_to_4,Dead,0,0
BF8,Other,2014-06-19,4_to_6,Alive,0,0
BF8,Other,2014-06-19,4_to_6,Dead,0,0
BF8,Other,2014-06-19,6_to_8,Alive,0,0
BF8,Other,2014-06-19,6_to_8,Dead,0,0
BF8,FAGR,2014-06-19,0_to_2,Alive,4,0.7568
BF8,FAGR,2014-06-19,0_to_2,Dead,0,0
BF8,FAGR,2014-06-19,2_to_4,Alive,2,4.785839058
BF8,FAGR,2014-06-19,2_to_4,Dead,0,0
BF8,FAGR,2014-06-19,4_to_6,Alive,0,0
BF8,FAGR,2014-06-19,4_to_6,Dead,0,0
BF8,FAGR,2014-06-19,6_to_8,Alive,0,0
BF8,FAGR,2014-06-19,6_to_8,Dead,0,0
BF8,ABBA,2014-06-19,0_to_2,Alive,0,0
BF8,ABBA,2014-06-19,0_to_2,Dead,0,0
BF8,ABBA,2014-06-19,2_to_4,Alive,1,1.168394795
BF8,ABBA,2014-06-19,2_to_4,Dead,0,0
BF8,ABBA,2014-06-19,4_to_6,Alive,0,0
BF8,ABBA,2014-06-19,4_to_6,Dead,0,0
BF8,ABBA,2014-06-19,6_to_8,Alive,0,0
BF8,ABBA,2014-06-19,6_to_8,Dead,0,0
BF8,AMEL,2014-06-19,0_to_2,Alive,1,0.163
BF8,AMEL,2014-06-19,0_to_2,Dead,1,0.163
BF8,AMEL,2014-06-19,2_to_4,Alive,0,0
BF8,AMEL,2014-06-19,2_to_4,Dead,0,0
BF8,AMEL,2014-06-19,4_to_6,Alive,0,0
BF8,AMEL,2014-06-19,4_to_6,Dead,0,0
BF8,AMEL,2014-06-19,6_to_8,Alive,0,0
BF8,AMEL,2014-06-19,6_to_8,Dead,0,0
BF8,PIST,NA,0_to_2,Alive,14,0.5712
BF8,PIST,NA,0_to_2,Dead,4,0.1632
BF8,PIST,NA,2_to_4,Alive,10,6.894959382
BF8,PIST,NA,2_to_4,Dead,1,0.689495938
BF8,PIST,NA,4_to_6,Alive,2,5.134397224
BF8,PIST,NA,4_to_6,Dead,1,2.567198612
BF8,PIST,NA,6_to_8,Alive,1,6.102671164
BF8,PIST,NA,6_to_8,Dead,0,0
BF8,ACRU,NA,0_to_2,Alive,21,0.65457
BF8,ACRU,NA,0_to_2,Dead,3,0.09351
BF8,ACRU,NA,2_to_4,Alive,12,7.913359463
BF8,ACRU,NA,2_to_4,Dead,3,1.978339866
BF8,ACRU,NA,4_to_6,Alive,17,46.33662474
BF8,ACRU,NA,4_to_6,Dead,4,10.90273523
BF8,ACRU,NA,6_to_8,Alive,23,159.6419388
BF8,ACRU,NA,6_to_8,Dead,0,0
BF8,QURU,NA,0_to_2,Alive,0,0
BF8,QURU,NA,0_to_2,Dead,0,0
BF8,QURU,NA,2_to_4,Alive,2,1.67556452
BF8,QURU,NA,2_to_4,Dead,1,0.83778226
BF8,QURU,NA,4_to_6,Alive,0,0
BF8,QURU,NA,4_to_6,Dead,0,0
BF8,QURU,NA,6_to_8,Alive,1,8.783709746
BF8,QURU,NA,6_to_8,Dead,4,35.13483898
BF8,FAGR,NA,0_to_2,Alive,4,0.7568
BF8,FAGR,NA,0_to_2,Dead,0,0
BF8,FAGR,NA,2_to_4,Alive,2,4.785839058
BF8,FAGR,NA,2_to_4,Dead,0,0
BF8,FAGR,NA,4_to_6,Alive,0,0
BF8,FAGR,NA,4_to_6,Dead,0,0
BF8,FAGR,NA,6_to_8,Alive,0,0
BF8,FAGR,NA,6_to_8,Dead,0,0
BF8,ABBA,NA,0_to_2,Alive,0,0
BF8,ABBA,NA,0_to_2,Dead,0,0
BF8,ABBA,NA,2_to_4,Alive,1,1.168394795
BF8,ABBA,NA,2_to_4,Dead,0,0
BF8,ABBA,NA,4_to_6,Alive,0,0
BF8,ABBA,NA,4_to_6,Dead,0,0
BF8,ABBA,NA,6_to_8,Alive,0,0
BF8,ABBA,NA,6_to_8,Dead,0,0
BF8,AMEL,NA,0_to_2,Alive,1,0.163
BF8,AMEL,NA,0_to_2,Dead,2,0.326
BF8,AMEL,NA,2_to_4,Alive,0,0
BF8,AMEL,NA,2_to_4,Dead,0,0
BF8,AMEL,NA,4_to_6,Alive,0,0
BF8,AMEL,NA,4_to_6,Dead,0,0
BF8,AMEL,NA,6_to_8,Alive,0,0
BF8,AMEL,NA,6_to_8,Dead,0,0
BP54#1,PIST,NA,0_to_2,Alive,54,2.2032
BP54#1,PIST,NA,0_to_2,Dead,1,0.0408
BP54#1,PIST,NA,2_to_4,Alive,25,17.23739846
BP54#1,PIST,NA,2_to_4,Dead,0,0
BP54#1,PIST,NA,4_to_6,Alive,11,28.23918473
BP54#1,PIST,NA,4_to_6,Dead,0,0
BP54#1,PIST,NA,6_to_8,Alive,11,67.1293828
BP54#1,PIST,NA,6_to_8,Dead,0,0
BP54#1,ACRU,NA,0_to_2,Alive,3,0.09351
BP54#1,ACRU,NA,0_to_2,Dead,3,0.09351
BP54#1,ACRU,NA,2_to_4,Alive,6,3.956679732
BP54#1,ACRU,NA,2_to_4,Dead,4,2.637786488
BP54#1,ACRU,NA,4_to_6,Alive,15,40.88525713
BP54#1,ACRU,NA,4_to_6,Dead,3,8.177051426
BP54#1,ACRU,NA,6_to_8,Alive,5,34.7047693
BP54#1,ACRU,NA,6_to_8,Dead,0,0
BP54#1,POGR,NA,0_to_2,Alive,0,0
BP54#1,POGR,NA,0_to_2,Dead,0,0
BP54#1,POGR,NA,2_to_4,Alive,0,0
BP54#1,POGR,NA,2_to_4,Dead,2,3.666451809
BP54#1,POGR,NA,4_to_6,Alive,2,12.1771645
BP54#1,POGR,NA,4_to_6,Dead,5,30.44291125
BP54#1,POGR,NA,6_to_8,Alive,4,53.69672849
BP54#1,POGR,NA,6_to_8,Dead,10,134.2418212
BP54#1,QURU,NA,0_to_2,Alive,1,0.0398
BP54#1,QURU,NA,0_to_2,Dead,0,0
BP54#1,QURU,NA,2_to_4,Alive,0,0
BP54#1,QURU,NA,2_to_4,Dead,1,0.83778226
BP54#1,QURU,NA,4_to_6,Alive,0,0
BP54#1,QURU,NA,4_to_6,Dead,3,10.36400793
BP54#1,QURU,NA,6_to_8,Alive,1,8.783709746
BP54#1,QURU,NA,6_to_8,Dead,2,17.56741949
BP54#1,PIRE,NA,0_to_2,Alive,11,0.5786
BP54#1,PIRE,NA,0_to_2,Dead,1,0.0526
BP54#1,PIRE,NA,2_to_4,Alive,5,4.21763132
BP54#1,PIRE,NA,2_to_4,Dead,0,0
BP54#1,PIRE,NA,4_to_6,Alive,0,0
BP54#1,PIRE,NA,4_to_6,Dead,0,0
BP54#1,PIRE,NA,6_to_8,Alive,0,0
BP54#1,PIRE,NA,6_to_8,Dead,0,0
BP54#1,AMEL,NA,0_to_2,Alive,1,0.163
BP54#1,AMEL,NA,0_to_2,Dead,2,0.326
BP54#1,AMEL,NA,2_to_4,Alive,5,12.62112355
BP54#1,AMEL,NA,2_to_4,Dead,6,15.14534826
BP54#1,AMEL,NA,4_to_6,Alive,1,9.024409525
BP54#1,AMEL,NA,4_to_6,Dead,0,0
BP54#1,AMEL,NA,6_to_8,Alive,0,0
BP54#1,AMEL,NA,6_to_8,Dead,0,0
BP54#2,ACRU,NA,0_to_2,Alive,8,0.24936
BP54#2,ACRU,NA,0_to_2,Dead,12,0.37404
BP54#2,ACRU,NA,2_to_4,Alive,19,12.52948582
BP54#2,ACRU,NA,2_to_4,Dead,4,2.637786488
BP54#2,ACRU,NA,4_to_6,Alive,13,35.43388951
BP54#2,ACRU,NA,4_to_6,Dead,2,5.451367617
BP54#2,ACRU,NA,6_to_8,Alive,12,83.29144632
BP54#2,ACRU,NA,6_to_8,Dead,0,0
BP54#2,PIST,NA,0_to_2,Alive,40,1.632
BP54#2,PIST,NA,0_to_2,Dead,0,0
BP54#2,PIST,NA,2_to_4,Alive,34,23.4428619
BP54#2,PIST,NA,2_to_4,Dead,0,0
BP54#2,PIST,NA,4_to_6,Alive,8,20.53758889
BP54#2,PIST,NA,4_to_6,Dead,0,0
BP54#2,PIST,NA,6_to_8,Alive,3,18.30801349
BP54#2,PIST,NA,6_to_8,Dead,1,6.102671164
BP54#2,PIRE,NA,0_to_2,Alive,9,0.4734
BP54#2,PIRE,NA,0_to_2,Dead,0,0
BP54#2,PIRE,NA,2_to_4,Alive,2,1.687052528
BP54#2,PIRE,NA,2_to_4,Dead,0,0
BP54#2,PIRE,NA,4_to_6,Alive,0,0
BP54#2,PIRE,NA,4_to_6,Dead,0,0
BP54#2,PIRE,NA,6_to_8,Alive,0,0
BP54#2,PIRE,NA,6_to_8,Dead,0,0
BP54#2,QURU,NA,0_to_2,Alive,2,0.0796
BP54#2,QURU,NA,0_to_2,Dead,1,0.0398
BP54#2,QURU,NA,2_to_4,Alive,0,0
BP54#2,QURU,NA,2_to_4,Dead,3,2.51334678
BP54#2,QURU,NA,4_to_6,Alive,0,0
BP54#2,QURU,NA,4_to_6,Dead,3,10.36400793
BP54#2,QURU,NA,6_to_8,Alive,0,0
BP54#2,QURU,NA,6_to_8,Dead,0,0
BP54#2,ACSA,NA,0_to_2,Alive,2,0.3386
BP54#2,ACSA,NA,0_to_2,Dead,0,0
BP54#2,ACSA,NA,2_to_4,Alive,0,0
BP54#2,ACSA,NA,2_to_4,Dead,0,0
BP54#2,ACSA,NA,4_to_6,Alive,0,0
BP54#2,ACSA,NA,4_to_6,Dead,0,0
BP54#2,ACSA,NA,6_to_8,Alive,0,0
BP54#2,ACSA,NA,6_to_8,Dead,0,0
BP54#2,AMEL,NA,0_to_2,Alive,1,0.163
BP54#2,AMEL,NA,0_to_2,Dead,0,0
BP54#2,AMEL,NA,2_to_4,Alive,0,0
BP54#2,AMEL,NA,2_to_4,Dead,0,0
BP54#2,AMEL,NA,4_to_6,Alive,0,0
BP54#2,AMEL,NA,4_to_6,Dead,0,0
BP54#2,AMEL,NA,6_to_8,Alive,0,0
BP54#2,AMEL,NA,6_to_8,Dead,0,0
BP54#2,POGR,NA,0_to_2,Alive,0,0
BP54#2,POGR,NA,0_to_2,Dead,0,0
BP54#2,POGR,NA,2_to_4,Alive,0,0
BP54#2,POGR,NA,2_to_4,Dead,0,0
BP54#2,POGR,NA,4_to_6,Alive,0,0
BP54#2,POGR,NA,4_to_6,Dead,2,12.1771645
BP54#2,POGR,NA,6_to_8,Alive,1,13.42418212
BP54#2,POGR,NA,6_to_8,Dead,6,80.54509274
BP54#2,BEPA,NA,0_to_2,Alive,0,0
BP54#2,BEPA,NA,0_to_2,Dead,0,0
BP54#2,BEPA,NA,2_to_4,Alive,0,0
BP54#2,BEPA,NA,2_to_4,Dead,0,0
BP54#2,BEPA,NA,4_to_6,Alive,1,2.902235479
BP54#2,BEPA,NA,4_to_6,Dead,0,0
BP54#2,BEPA,NA,6_to_8,Alive,0,0
BP54#2,BEPA,NA,6_to_8,Dead,0,0
BP54#2,FAGR,NA,0_to_2,Alive,1,0.1892
BP54#2,FAGR,NA,0_to_2,Dead,0,0
BP54#2,FAGR,NA,2_to_4,Alive,0,0
BP54#2,FAGR,NA,2_to_4,Dead,0,0
BP54#2,FAGR,NA,4_to_6,Alive,0,0
BP54#2,FAGR,NA,4_to_6,Dead,0,0
BP54#2,FAGR,NA,6_to_8,Alive,0,0
BP54#2,FAGR,NA,6_to_8,Dead,0,0
BP80#2,PIRE,2014-07-17,0_to_2,Alive,15,0.789
BP80#2,PIRE,2014-07-17,0_to_2,Dead,1,0.0526
BP80#2,PIRE,2014-07-17,2_to_4,Alive,4,3.374105056
BP80#2,PIRE,2014-07-17,2_to_4,Dead,0,0
BP80#2,PIRE,2014-07-17,4_to_6,Alive,2,6.130193408
BP80#2,PIRE,2014-07-17,4_to_6,Dead,0,0
BP80#2,PIRE,2014-07-17,6_to_8,Alive,0,0
BP80#2,PIRE,2014-07-17,6_to_8,Dead,0,0
BP80#2,POGR,2014-07-17,0_to_2,Alive,1,0.1387
BP80#2,POGR,2014-07-17,0_to_2,Dead,8,1.1096
BP80#2,POGR,2014-07-17,2_to_4,Alive,17,31.16484037
BP80#2,POGR,2014-07-17,2_to_4,Dead,13,23.83193676
BP80#2,POGR,2014-07-17,4_to_6,Alive,40,243.54329
BP80#2,POGR,2014-07-17,4_to_6,Dead,6,36.5314935
BP80#2,POGR,2014-07-17,6_to_8,Alive,45,604.0881955
BP80#2,POGR,2014-07-17,6_to_8,Dead,8,107.393457
BP80#2,ACRU,2014-07-17,0_to_2,Alive,11,0.34287
BP80#2,ACRU,2014-07-17,0_to_2,Dead,31,0.96627
BP80#2,ACRU,2014-07-17,2_to_4,Alive,52,34.29122434
BP80#2,ACRU,2014-07-17,2_to_4,Dead,16,10.55114595
BP80#2,ACRU,2014-07-17,4_to_6,Alive,30,81.77051426
BP80#2,ACRU,2014-07-17,4_to_6,Dead,1,2.725683809
BP80#2,ACRU,2014-07-17,6_to_8,Alive,15,104.1143079
BP80#2,ACRU,2014-07-17,6_to_8,Dead,0,0
BP80#2,PIST,2014-07-17,0_to_2,Alive,22,0.8976
BP80#2,PIST,2014-07-17,0_to_2,Dead,0,0
BP80#2,PIST,2014-07-17,2_to_4,Alive,18,12.41092689
BP80#2,PIST,2014-07-17,2_to_4,Dead,0,0
BP80#2,PIST,2014-07-17,4_to_6,Alive,23,59.04556807
BP80#2,PIST,2014-07-17,4_to_6,Dead,0,0
BP80#2,PIST,2014-07-17,6_to_8,Alive,13,79.33472513
BP80#2,PIST,2014-07-17,6_to_8,Dead,0,0
BP80#2,QURU,2014-07-17,0_to_2,Alive,0,0
BP80#2,QURU,2014-07-17,0_to_2,Dead,0,0
BP80#2,QURU,2014-07-17,2_to_4,Alive,0,0
BP80#2,QURU,2014-07-17,2_to_4,Dead,0,0
BP80#2,QURU,2014-07-17,4_to_6,Alive,6,20.72801587
BP80#2,QURU,2014-07-17,4_to_6,Dead,0,0
BP80#2,QURU,2014-07-17,6_to_8,Alive,0,0
BP80#2,QURU,2014-07-17,6_to_8,Dead,0,0
BP80#2,BEPA,2014-07-17,0_to_2,Alive,1,0.0301
BP80#2,BEPA,2014-07-17,0_to_2,Dead,0,0
BP80#2,BEPA,2014-07-17,2_to_4,Alive,0,0
BP80#2,BEPA,2014-07-17,2_to_4,Dead,1,0.680723277
BP80#2,BEPA,2014-07-17,4_to_6,Alive,3,8.706706436
BP80#2,BEPA,2014-07-17,4_to_6,Dead,0,0
BP80#2,BEPA,2014-07-17,6_to_8,Alive,1,7.543038108
BP80#2,BEPA,2014-07-17,6_to_8,Dead,0,0
BP80#2,POGR,2014-07-17,0_to_2,Alive,0,0
BP80#2,POGR,2014-07-17,0_to_2,Dead,0,0
BP80#2,POGR,2014-07-17,2_to_4,Alive,0,0
BP80#2,POGR,2014-07-17,2_to_4,Dead,0,0
BP80#2,POGR,2014-07-17,4_to_6,Alive,3,18.26574675
BP80#2,POGR,2014-07-17,4_to_6,Dead,0,0
BP80#2,POGR,2014-07-17,6_to_8,Alive,16,214.786914
BP80#2,POGR,2014-07-17,6_to_8,Dead,0,0
BP98#1,POGR,2014-07-30,0_to_2,Alive,13,1.8031
BP98#1,POGR,2014-07-30,0_to_2,Dead,44,6.1028
BP98#1,POGR,2014-07-30,2_to_4,Alive,74,135.6587169
BP98#1,POGR,2014-07-30,2_to_4,Dead,26,47.66387351
BP98#1,POGR,2014-07-30,4_to_6,Alive,95,578.4153138
BP98#1,POGR,2014-07-30,4_to_6,Dead,11,66.97440475
BP98#1,POGR,2014-07-30,6_to_8,Alive,59,792.0267452
BP98#1,POGR,2014-07-30,6_to_8,Dead,1,13.42418212
BP98#1,ACRU,2014-07-30,0_to_2,Alive,22,0.68574
BP98#1,ACRU,2014-07-30,0_to_2,Dead,10,0.3117
BP98#1,ACRU,2014-07-30,2_to_4,Alive,22,14.50782568
BP98#1,ACRU,2014-07-30,2_to_4,Dead,1,0.659446622
BP98#1,ACRU,2014-07-30,4_to_6,Alive,14,38.15957332
BP98#1,ACRU,2014-07-30,4_to_6,Dead,0,0
BP98#1,ACRU,2014-07-30,6_to_8,Alive,7,48.58667702
BP98#1,ACRU,2014-07-30,6_to_8,Dead,0,0
BP98#1,QURU,2014-07-30,0_to_2,Alive,0,0
BP98#1,QURU,2014-07-30,0_to_2,Dead,0,0
BP98#1,QURU,2014-07-30,2_to_4,Alive,0,0
BP98#1,QURU,2014-07-30,2_to_4,Dead,0,0
BP98#1,QURU,2014-07-30,4_to_6,Alive,1,3.454669312
BP98#1,QURU,2014-07-30,4_to_6,Dead,0,0
BP98#1,QURU,2014-07-30,6_to_8,Alive,0,0
BP98#1,QURU,2014-07-30,6_to_8,Dead,0,0
BP98#1,PIST,2014-07-30,0_to_2,Alive,1,0.0408
BP98#1,PIST,2014-07-30,0_to_2,Dead,0,0
BP98#1,PIST,2014-07-30,2_to_4,Alive,0,0
BP98#1,PIST,2014-07-30,2_to_4,Dead,0,0
BP98#1,PIST,2014-07-30,4_to_6,Alive,0,0
BP98#1,PIST,2014-07-30,4_to_6,Dead,0,0
BP98#1,PIST,2014-07-30,6_to_8,Alive,0,0
BP98#1,PIST,2014-07-30,6_to_8,Dead,0,0
BP98#2,POGR,2014-07-30,0_to_2,Alive,50,6.935
BP98#2,POGR,2014-07-30,0_to_2,Dead,268,37.1716
BP98#2,POGR,2014-07-30,2_to_4,Alive,277,507.8035755
BP98#2,POGR,2014-07-30,2_to_4,Dead,82,150.3245242
BP98#2,POGR,2014-07-30,4_to_6,Alive,240,1461.25974
BP98#2,POGR,2014-07-30,4_to_6,Dead,6,36.5314935
BP98#2,POGR,2014-07-30,6_to_8,Alive,161,2161.293322
BP98#2,POGR,2014-07-30,6_to_8,Dead,0,0
BP98#2,ACRU,2014-07-30,0_to_2,Alive,45,1.40265
BP98#2,ACRU,2014-07-30,0_to_2,Dead,44,1.37148
BP98#2,ACRU,2014-07-30,2_to_4,Alive,73,48.1396034
BP98#2,ACRU,2014-07-30,2_to_4,Dead,1,0.659446622
BP98#2,ACRU,2014-07-30,4_to_6,Alive,27,73.593462829999993
BP98#2,ACRU,2014-07-30,4_to_6,Dead,0,0
BP98#2,ACRU,2014-07-30,6_to_8,Alive,8,55.52763088
BP98#2,ACRU,2014-07-30,6_to_8,Dead,0,0
BP98#2,PIST,2014-07-30,0_to_2,Alive,3,0.1224
BP98#2,PIST,2014-07-30,0_to_2,Dead,0,0
BP98#2,PIST,2014-07-30,2_to_4,Alive,0,0
BP98#2,PIST,2014-07-30,2_to_4,Dead,0,0
BP98#2,PIST,2014-07-30,4_to_6,Alive,0,0
BP98#2,PIST,2014-07-30,4_to_6,Dead,0,0
BP98#2,PIST,2014-07-30,6_to_8,Alive,0,0
BP98#2,PIST,2014-07-30,6_to_8,Dead,0,0
BP98#2,QURU,2014-07-30,0_to_2,Alive,3,0.1194
BP98#2,QURU,2014-07-30,0_to_2,Dead,8,0.3184
BP98#2,QURU,2014-07-30,2_to_4,Alive,3,2.51334678
BP98#2,QURU,2014-07-30,2_to_4,Dead,3,2.51334678
BP98#2,QURU,2014-07-30,4_to_6,Alive,4,13.81867725
BP98#2,QURU,2014-07-30,4_to_6,Dead,0,0
BP98#2,QURU,2014-07-30,6_to_8,Alive,6,52.70225847
BP98#2,QURU,2014-07-30,6_to_8,Dead,0,0
BP98#2,PIRE,2014-07-30,0_to_2,Alive,1,0.0526
BP98#2,PIRE,2014-07-30,0_to_2,Dead,0,0
BP98#2,PIRE,2014-07-30,2_to_4,Alive,0,0
BP98#2,PIRE,2014-07-30,2_to_4,Dead,0,0
BP98#2,PIRE,2014-07-30,4_to_6,Alive,0,0
BP98#2,PIRE,2014-07-30,4_to_6,Dead,0,0
BP98#2,PIRE,2014-07-30,6_to_8,Alive,0,0
BP98#2,PIRE,2014-07-30,6_to_8,Dead,0,0
BP98#2,POTR,2014-07-30,0_to_2,Alive,1,0.0589
BP98#2,POTR,2014-07-30,0_to_2,Dead,0,0
BP98#2,POTR,2014-07-30,2_to_4,Alive,7,7.361069981
BP98#2,POTR,2014-07-30,2_to_4,Dead,0,0
BP98#2,POTR,2014-07-30,4_to_6,Alive,1,4.016641778
BP98#2,POTR,2014-07-30,4_to_6,Dead,0,0
BP98#2,POTR,2014-07-30,6_to_8,Alive,1,9.710240864
BP98#2,POTR,2014-07-30,6_to_8,Dead,0,0
BP98#2,FAGR,2014-07-30,0_to_2,Alive,8,1.5136
BP98#2,FAGR,2014-07-30,0_to_2,Dead,0,0
BP98#2,FAGR,2014-07-30,2_to_4,Alive,0,0
BP98#2,FAGR,2014-07-30,2_to_4,Dead,0,0
BP98#2,FAGR,2014-07-30,4_to_6,Alive,0,0
BP98#2,FAGR,2014-07-30,4_to_6,Dead,0,0
BP98#2,FAGR,2014-07-30,6_to_8,Alive,0,0
BP98#2,FAGR,2014-07-30,6_to_8,Dead,0,0
BS40E,PIRE,2014-07-28,0_to_2,Alive,0,0
BS40E,PIRE,2014-07-28,0_to_2,Dead,1,0.0526
BS40E,PIRE,2014-07-28,2_to_4,Alive,1,0.843526264
BS40E,PIRE,2014-07-28,2_to_4,Dead,2,1.687052528
BS40E,PIRE,2014-07-28,4_to_6,Alive,1,3.065096704
BS40E,PIRE,2014-07-28,4_to_6,Dead,0,0
BS40E,PIRE,2014-07-28,6_to_8,Alive,1,7.170251246
BS40E,PIRE,2014-07-28,6_to_8,Dead,0,0
BS40E,PIST,2014-07-28,0_to_2,Alive,190,7.752
BS40E,PIST,2014-07-28,0_to_2,Dead,8,0.3264
BS40E,PIST,2014-07-28,2_to_4,Alive,116,79.98152883
BS40E,PIST,2014-07-28,2_to_4,Dead,3,2.068487815
BS40E,PIST,2014-07-28,4_to_6,Alive,45,115.5239375
BS40E,PIST,2014-07-28,4_to_6,Dead,0,0
BS40E,PIST,2014-07-28,6_to_8,Alive,13,79.33472513
BS40E,PIST,2014-07-28,6_to_8,Dead,4,24.41068465
BS40E,QURU,2014-07-28,0_to_2,Alive,5,0.199
BS40E,QURU,2014-07-28,0_to_2,Dead,0,0
BS40E,QURU,2014-07-28,2_to_4,Alive,1,0.83778226
BS40E,QURU,2014-07-28,2_to_4,Dead,0,0
BS40E,QURU,2014-07-28,4_to_6,Alive,2,6.909338623
BS40E,QURU,2014-07-28,4_to_6,Dead,0,0
BS40E,QURU,2014-07-28,6_to_8,Alive,0,0
BS40E,QURU,2014-07-28,6_to_8,Dead,0,0
BS40E,ACRU,2014-07-28,0_to_2,Alive,4,0.12468
BS40E,ACRU,2014-07-28,0_to_2,Dead,0,0
BS40E,ACRU,2014-07-28,2_to_4,Alive,0,0
BS40E,ACRU,2014-07-28,2_to_4,Dead,0,0
BS40E,ACRU,2014-07-28,4_to_6,Alive,1,2.725683809
BS40E,ACRU,2014-07-28,4_to_6,Dead,0,0
BS40E,ACRU,2014-07-28,6_to_8,Alive,2,13.88190772
BS40E,ACRU,2014-07-28,6_to_8,Dead,0,0
BS40E,ABBA,2014-07-28,0_to_2,Alive,1,0.0752
BS40E,ABBA,2014-07-28,0_to_2,Dead,0,0
BS40E,ABBA,2014-07-28,2_to_4,Alive,0,0
BS40E,ABBA,2014-07-28,2_to_4,Dead,0,0
BS40E,ABBA,2014-07-28,4_to_6,Alive,1,4.183559417
BS40E,ABBA,2014-07-28,4_to_6,Dead,0,0
BS40E,ABBA,2014-07-28,6_to_8,Alive,1,9.692317818
BS40E,ABBA,2014-07-28,6_to_8,Dead,0,0
BS40E,FAGR,2014-07-28,0_to_2,Alive,0,0
BS40E,FAGR,2014-07-28,0_to_2,Dead,0,0
BS40E,FAGR,2014-07-28,2_to_4,Alive,0,0
BS40E,FAGR,2014-07-28,2_to_4,Dead,0,0
BS40E,FAGR,2014-07-28,4_to_6,Alive,0,0
BS40E,FAGR,2014-07-28,4_to_6,Dead,0,0
BS40E,FAGR,2014-07-28,6_to_8,Alive,1,16.93729591
BS40E,FAGR,2014-07-28,6_to_8,Dead,0,0
BS40E,AMEL,2014-07-28,0_to_2,Alive,2,0.326
BS40E,AMEL,2014-07-28,0_to_2,Dead,0,0
BS40E,AMEL,2014-07-28,2_to_4,Alive,0,0
BS40E,AMEL,2014-07-28,2_to_4,Dead,0,0
BS40E,AMEL,2014-07-28,4_to_6,Alive,0,0
BS40E,AMEL,2014-07-28,4_to_6,Dead,0,0
BS40E,AMEL,2014-07-28,6_to_8,Alive,0,0
BS40E,AMEL,2014-07-28,6_to_8,Dead,0,0
BS40F,ACRU,2014-06-13,0_to_2,Alive,0,0
BS40F,ACRU,2014-06-13,0_to_2,Dead,0,0
BS40F,ACRU,2014-06-13,2_to_4,Alive,3,1.978339866
BS40F,ACRU,2014-06-13,2_to_4,Dead,0,0
BS40F,ACRU,2014-06-13,4_to_6,Alive,0,0
BS40F,ACRU,2014-06-13,4_to_6,Dead,0,0
BS40F,ACRU,2014-06-13,6_to_8,Alive,1,6.94095386
BS40F,ACRU,2014-06-13,6_to_8,Dead,0,0
BS40F,PIST,2014-06-13,0_to_2,Alive,58,2.3664
BS40F,PIST,2014-06-13,0_to_2,Dead,3,0.1224
BS40F,PIST,2014-06-13,2_to_4,Alive,62,42.74874817
BS40F,PIST,2014-06-13,2_to_4,Dead,1,0.689495938
BS40F,PIST,2014-06-13,4_to_6,Alive,29,74.44875974
BS40F,PIST,2014-06-13,4_to_6,Dead,4,10.26879445
BS40F,PIST,2014-06-13,6_to_8,Alive,4,24.41068465
BS40F,PIST,2014-06-13,6_to_8,Dead,2,12.20534233
BS40F,ABBA,2014-06-13,0_to_2,Alive,0,0
BS40F,ABBA,2014-06-13,0_to_2,Dead,0,0
BS40F,ABBA,2014-06-13,2_to_4,Alive,0,0
BS40F,ABBA,2014-06-13,2_to_4,Dead,0,0
BS40F,ABBA,2014-06-13,4_to_6,Alive,0,0
BS40F,ABBA,2014-06-13,4_to_6,Dead,0,0
BS40F,ABBA,2014-06-13,6_to_8,Alive,1,9.692317818
BS40F,ABBA,2014-06-13,6_to_8,Dead,0,0
BS40F,PIRE,2014-06-13,0_to_2,Alive,1,0.0526
BS40F,PIRE,2014-06-13,0_to_2,Dead,0,0
BS40F,PIRE,2014-06-13,2_to_4,Alive,1,0.843526264
BS40F,PIRE,2014-06-13,2_to_4,Dead,1,0.843526264
BS40F,PIRE,2014-06-13,4_to_6,Alive,0,0
BS40F,PIRE,2014-06-13,4_to_6,Dead,1,3.065096704
BS40F,PIRE,2014-06-13,6_to_8,Alive,2,14.34050249
BS40F,PIRE,2014-06-13,6_to_8,Dead,0,0
BS40F,QURU,2014-06-13,0_to_2,Alive,0,0
BS40F,QURU,2014-06-13,0_to_2,Dead,0,0
BS40F,QURU,2014-06-13,2_to_4,Alive,6,5.026693559
BS40F,QURU,2014-06-13,2_to_4,Dead,0,0
BS40F,QURU,2014-06-13,4_to_6,Alive,3,10.36400793
BS40F,QURU,2014-06-13,4_to_6,Dead,0,0
BS40F,QURU,2014-06-13,6_to_8,Alive,1,8.783709746
BS40F,QURU,2014-06-13,6_to_8,Dead,0,0
BS40F,AMEL,2014-06-13,0_to_2,Alive,0,0
BS40F,AMEL,2014-06-13,0_to_2,Dead,0,0
BS40F,AMEL,2014-06-13,2_to_4,Alive,2,5.048449419
BS40F,AMEL,2014-06-13,2_to_4,Dead,1,2.524224709
BS40F,AMEL,2014-06-13,4_to_6,Alive,1,9.024409525
BS40F,AMEL,2014-06-13,4_to_6,Dead,0,0
BS40F,AMEL,2014-06-13,6_to_8,Alive,0,0
BS40F,AMEL,2014-06-13,6_to_8,Dead,0,0
BS40F,BEPA,2014-06-13,0_to_2,Alive,0,0
BS40F,BEPA,2014-06-13,0_to_2,Dead,0,0
BS40F,BEPA,2014-06-13,2_to_4,Alive,0,0
BS40F,BEPA,2014-06-13,2_to_4,Dead,0,0
BS40F,BEPA,2014-06-13,4_to_6,Alive,0,0
BS40F,BEPA,2014-06-13,4_to_6,Dead,0,0
BS40F,BEPA,2014-06-13,6_to_8,Alive,1,7.543038108
BS40F,BEPA,2014-06-13,6_to_8,Dead,0,0
BS40F,ACPE,2014-06-13,0_to_2,Alive,1,0.03117
BS40F,ACPE,2014-06-13,0_to_2,Dead,0,0
BS40F,ACPE,2014-06-13,2_to_4,Alive,1,0.659446622
BS40F,ACPE,2014-06-13,2_to_4,Dead,0,0
BS40F,ACPE,2014-06-13,4_to_6,Alive,0,0
BS40F,ACPE,2014-06-13,4_to_6,Dead,0,0
BS40F,ACPE,2014-06-13,6_to_8,Alive,0,0
BS40F,ACPE,2014-06-13,6_to_8,Dead,0,0
BS40X,PIST,2014-07-28,0_to_2,Alive,119,4.8552
BS40X,PIST,2014-07-28,0_to_2,Dead,1,0.0408
BS40X,PIST,2014-07-28,2_to_4,Alive,144,99.2874151
BS40X,PIST,2014-07-28,2_to_4,Dead,4,2.757983753
BS40X,PIST,2014-07-28,4_to_6,Alive,76,195.1070945
BS40X,PIST,2014-07-28,4_to_6,Dead,3,7.701595835
BS40X,PIST,2014-07-28,6_to_8,Alive,17,103.7454098
BS40X,PIST,2014-07-28,6_to_8,Dead,0,0
BS40X,PIRE,2014-07-28,0_to_2,Alive,1,0.0526
BS40X,PIRE,2014-07-28,0_to_2,Dead,1,0.0526
BS40X,PIRE,2014-07-28,2_to_4,Alive,7,5.904683848
BS40X,PIRE,2014-07-28,2_to_4,Dead,1,0.843526264
BS40X,PIRE,2014-07-28,4_to_6,Alive,4,12.26038682
BS40X,PIRE,2014-07-28,4_to_6,Dead,1,3.065096704
BS40X,PIRE,2014-07-28,6_to_8,Alive,3,21.51075374
BS40X,PIRE,2014-07-28,6_to_8,Dead,1,7.170251246
BS40X,QURU,2014-07-28,0_to_2,Alive,0,0
BS40X,QURU,2014-07-28,0_to_2,Dead,0,0
BS40X,QURU,2014-07-28,2_to_4,Alive,1,0.83778226
BS40X,QURU,2014-07-28,2_to_4,Dead,0,0
BS40X,QURU,2014-07-28,4_to_6,Alive,0,0
BS40X,QURU,2014-07-28,4_to_6,Dead,0,0
BS40X,QURU,2014-07-28,6_to_8,Alive,1,8.783709746
BS40X,QURU,2014-07-28,6_to_8,Dead,0,0
BS40X,AMEL,2014-07-28,0_to_2,Alive,1,0.163
BS40X,AMEL,2014-07-28,0_to_2,Dead,0,0
BS40X,AMEL,2014-07-28,2_to_4,Alive,0,0
BS40X,AMEL,2014-07-28,2_to_4,Dead,0,0
BS40X,AMEL,2014-07-28,4_to_6,Alive,0,0
BS40X,AMEL,2014-07-28,4_to_6,Dead,0,0
BS40X,AMEL,2014-07-28,6_to_8,Alive,0,0
BS40X,AMEL,2014-07-28,6_to_8,Dead,0,0
BS40X,ACRU,2014-07-28,0_to_2,Alive,0,0
BS40X,ACRU,2014-07-28,0_to_2,Dead,0,0
BS40X,ACRU,2014-07-28,2_to_4,Alive,0,0
BS40X,ACRU,2014-07-28,2_to_4,Dead,0,0
BS40X,ACRU,2014-07-28,4_to_6,Alive,0,0
BS40X,ACRU,2014-07-28,4_to_6,Dead,1,2.725683809
BS40X,ACRU,2014-07-28,6_to_8,Alive,0,0
BS40X,ACRU,2014-07-28,6_to_8,Dead,0,0
BS42C,ACRU,2014-06-12,0_to_2,Alive,1,0.03117
BS42C,ACRU,2014-06-12,0_to_2,Dead,0,0
BS42C,ACRU,2014-06-12,2_to_4,Alive,1,0.659446622
BS42C,ACRU,2014-06-12,2_to_4,Dead,0,0
BS42C,ACRU,2014-06-12,4_to_6,Alive,1,2.725683809
BS42C,ACRU,2014-06-12,4_to_6,Dead,0,0
BS42C,ACRU,2014-06-12,6_to_8,Alive,1,6.94095386
BS42C,ACRU,2014-06-12,6_to_8,Dead,0,0
BS42C,FAGR,2014-06-12,0_to_2,Alive,4,0.7568
BS42C,FAGR,2014-06-12,0_to_2,Dead,0,0
BS42C,FAGR,2014-06-12,2_to_4,Alive,1,2.392919529
BS42C,FAGR,2014-06-12,2_to_4,Dead,0,0
BS42C,FAGR,2014-06-12,4_to_6,Alive,0,0
BS42C,FAGR,2014-06-12,4_to_6,Dead,0,0
BS42C,FAGR,2014-06-12,6_to_8,Alive,0,0
BS42C,FAGR,2014-06-12,6_to_8,Dead,0,0
BS42C,PIST,2014-06-12,0_to_2,Alive,64,2.6112
BS42C,PIST,2014-06-12,0_to_2,Dead,2,0.0816
BS42C,PIST,2014-06-12,2_to_4,Alive,55,37.922276599999996
BS42C,PIST,2014-06-12,2_to_4,Dead,2,1.378991876
BS42C,PIST,2014-06-12,4_to_6,Alive,19,48.77677362
BS42C,PIST,2014-06-12,4_to_6,Dead,0,0
BS42C,PIST,2014-06-12,6_to_8,Alive,3,18.30801349
BS42C,PIST,2014-06-12,6_to_8,Dead,1,6.102671164
BS42C,PIRE,2014-06-12,0_to_2,Alive,0,0
BS42C,PIRE,2014-06-12,0_to_2,Dead,0,0
BS42C,PIRE,2014-06-12,2_to_4,Alive,0,0
BS42C,PIRE,2014-06-12,2_to_4,Dead,1,0.843526264
BS42C,PIRE,2014-06-12,4_to_6,Alive,0,0
BS42C,PIRE,2014-06-12,4_to_6,Dead,4,12.26038682
BS42C,PIRE,2014-06-12,6_to_8,Alive,0,0
BS42C,PIRE,2014-06-12,6_to_8,Dead,1,7.170251246
BS42C,ABBA,2014-06-12,0_to_2,Alive,0,0
BS42C,ABBA,2014-06-12,0_to_2,Dead,0,0
BS42C,ABBA,2014-06-12,2_to_4,Alive,0,0
BS42C,ABBA,2014-06-12,2_to_4,Dead,0,0
BS42C,ABBA,2014-06-12,4_to_6,Alive,0,0
BS42C,ABBA,2014-06-12,4_to_6,Dead,0,0
BS42C,ABBA,2014-06-12,6_to_8,Alive,1,9.692317818
BS42C,ABBA,2014-06-12,6_to_8,Dead,0,0
BS42C,AMEL,2014-06-12,0_to_2,Alive,45,7.335
BS42C,AMEL,2014-06-12,0_to_2,Dead,2,0.326
BS42C,AMEL,2014-06-12,2_to_4,Alive,3,7.572674128
BS42C,AMEL,2014-06-12,2_to_4,Dead,0,0
BS42C,AMEL,2014-06-12,4_to_6,Alive,0,0
BS42C,AMEL,2014-06-12,4_to_6,Dead,0,0
BS42C,AMEL,2014-06-12,6_to_8,Alive,0,0
BS42C,AMEL,2014-06-12,6_to_8,Dead,0,0
BS42C,BEPA,2014-06-12,0_to_2,Alive,0,0
BS42C,BEPA,2014-06-12,0_to_2,Dead,0,0
BS42C,BEPA,2014-06-12,2_to_4,Alive,0,0
BS42C,BEPA,2014-06-12,2_to_4,Dead,0,0
BS42C,BEPA,2014-06-12,4_to_6,Alive,0,0
BS42C,BEPA,2014-06-12,4_to_6,Dead,0,0
BS42C,BEPA,2014-06-12,6_to_8,Alive,0,0
BS42C,BEPA,2014-06-12,6_to_8,Dead,1,7.543038108
BS42A,PIST,2014-07-28,0_to_2,Alive,205,8.364
BS42A,PIST,2014-07-28,0_to_2,Dead,3,0.1224
BS42A,PIST,2014-07-28,2_to_4,Alive,86,59.29665069
BS42A,PIST,2014-07-28,2_to_4,Dead,2,1.378991876
BS42A,PIST,2014-07-28,4_to_6,Alive,13,33.37358195
BS42A,PIST,2014-07-28,4_to_6,Dead,1,2.567198612
BS42A,PIST,2014-07-28,6_to_8,Alive,7,42.71869815
BS42A,PIST,2014-07-28,6_to_8,Dead,0,0
BS42A,FAGR,2014-07-28,0_to_2,Alive,7,1.3244
BS42A,FAGR,2014-07-28,0_to_2,Dead,0,0
BS42A,FAGR,2014-07-28,2_to_4,Alive,3,7.178758588
BS42A,FAGR,2014-07-28,2_to_4,Dead,1,2.392919529
BS42A,FAGR,2014-07-28,4_to_6,Alive,0,0
BS42A,FAGR,2014-07-28,4_to_6,Dead,0,0
BS42A,FAGR,2014-07-28,6_to_8,Alive,0,0
BS42A,FAGR,2014-07-28,6_to_8,Dead,0,0
BS42A,ABBA,2014-07-28,0_to_2,Alive,0,0
BS42A,ABBA,2014-07-28,0_to_2,Dead,0,0
BS42A,ABBA,2014-07-28,2_to_4,Alive,2,2.33678959
BS42A,ABBA,2014-07-28,2_to_4,Dead,0,0
BS42A,ABBA,2014-07-28,4_to_6,Alive,0,0
BS42A,ABBA,2014-07-28,4_to_6,Dead,0,0
BS42A,ABBA,2014-07-28,6_to_8,Alive,0,0
BS42A,ABBA,2014-07-28,6_to_8,Dead,1,9.692317818
BS42A,PIRE,2014-07-28,0_to_2,Alive,0,0
BS42A,PIRE,2014-07-28,0_to_2,Dead,0,0
BS42A,PIRE,2014-07-28,2_to_4,Alive,0,0
BS42A,PIRE,2014-07-28,2_to_4,Dead,1,0.843526264
BS42A,PIRE,2014-07-28,4_to_6,Alive,0,0
BS42A,PIRE,2014-07-28,4_to_6,Dead,2,6.130193408
BS42A,PIRE,2014-07-28,6_to_8,Alive,0,0
BS42A,PIRE,2014-07-28,6_to_8,Dead,1,7.170251246
BS42A,POGR,2014-07-28,0_to_2,Alive,0,0
BS42A,POGR,2014-07-28,0_to_2,Dead,0,0
BS42A,POGR,2014-07-28,2_to_4,Alive,1,1.833225904
BS42A,POGR,2014-07-28,2_to_4,Dead,0,0
BS42A,POGR,2014-07-28,4_to_6,Alive,0,0
BS42A,POGR,2014-07-28,4_to_6,Dead,0,0
BS42A,POGR,2014-07-28,6_to_8,Alive,0,0
BS42A,POGR,2014-07-28,6_to_8,Dead,0,0
BS42A,BEPA,2014-07-28,0_to_2,Alive,1,0.0301
BS42A,BEPA,2014-07-28,0_to_2,Dead,0,0
BS42A,BEPA,2014-07-28,2_to_4,Alive,0,0
BS42A,BEPA,2014-07-28,2_to_4,Dead,0,0
BS42A,BEPA,2014-07-28,4_to_6,Alive,0,0
BS42A,BEPA,2014-07-28,4_to_6,Dead,0,0
BS42A,BEPA,2014-07-28,6_to_8,Alive,1,7.543038108
BS42A,BEPA,2014-07-28,6_to_8,Dead,0,0
BS42A,AMEL,2014-07-28,0_to_2,Alive,5,0.815
BS42A,AMEL,2014-07-28,0_to_2,Dead,0,0
BS42A,AMEL,2014-07-28,2_to_4,Alive,0,0
BS42A,AMEL,2014-07-28,2_to_4,Dead,0,0
BS42A,AMEL,2014-07-28,4_to_6,Alive,0,0
BS42A,AMEL,2014-07-28,4_to_6,Dead,0,0
BS42A,AMEL,2014-07-28,6_to_8,Alive,0,0
BS42A,AMEL,2014-07-28,6_to_8,Dead,0,0
BS42A,ACRU,2014-07-28,0_to_2,Alive,1,0.03117
BS42A,ACRU,2014-07-28,0_to_2,Dead,0,0
BS42A,ACRU,2014-07-28,2_to_4,Alive,1,0.659446622
BS42A,ACRU,2014-07-28,2_to_4,Dead,0,0
BS42A,ACRU,2014-07-28,4_to_6,Alive,1,2.725683809
BS42A,ACRU,2014-07-28,4_to_6,Dead,0,0
BS42A,ACRU,2014-07-28,6_to_8,Alive,1,6.94095386
BS42A,ACRU,2014-07-28,6_to_8,Dead,0,0
BS42B,PIST,2014-07-28,0_to_2,Alive,395,16.116
BS42B,PIST,2014-07-28,0_to_2,Dead,1,0.0408
BS42B,PIST,2014-07-28,2_to_4,Alive,112,77.22354508
BS42B,PIST,2014-07-28,2_to_4,Dead,0,0
BS42B,PIST,2014-07-28,4_to_6,Alive,31,79.58315697
BS42B,PIST,2014-07-28,4_to_6,Dead,0,0
BS42B,PIST,2014-07-28,6_to_8,Alive,3,18.30801349
BS42B,PIST,2014-07-28,6_to_8,Dead,0,0
BS42B,ACRU,2014-07-28,0_to_2,Alive,0,0
BS42B,ACRU,2014-07-28,0_to_2,Dead,0,0
BS42B,ACRU,2014-07-28,2_to_4,Alive,4,2.637786488
BS42B,ACRU,2014-07-28,2_to_4,Dead,0,0
BS42B,ACRU,2014-07-28,4_to_6,Alive,0,0
BS42B,ACRU,2014-07-28,4_to_6,Dead,0,0
BS42B,ACRU,2014-07-28,6_to_8,Alive,2,13.88190772
BS42B,ACRU,2014-07-28,6_to_8,Dead,0,0
BS42B,PIRE,2014-07-28,0_to_2,Alive,1,0.0526
BS42B,PIRE,2014-07-28,0_to_2,Dead,0,0
BS42B,PIRE,2014-07-28,2_to_4,Alive,1,0.843526264
BS42B,PIRE,2014-07-28,2_to_4,Dead,1,0.843526264
BS42B,PIRE,2014-07-28,4_to_6,Alive,1,3.065096704
BS42B,PIRE,2014-07-28,4_to_6,Dead,1,3.065096704
BS42B,PIRE,2014-07-28,6_to_8,Alive,2,14.34050249
BS42B,PIRE,2014-07-28,6_to_8,Dead,2,14.34050249
BS42B,AMEL,2014-07-28,0_to_2,Alive,19,3.097
BS42B,AMEL,2014-07-28,0_to_2,Dead,0,0
BS42B,AMEL,2014-07-28,2_to_4,Alive,0,0
BS42B,AMEL,2014-07-28,2_to_4,Dead,0,0
BS42B,AMEL,2014-07-28,4_to_6,Alive,0,0
BS42B,AMEL,2014-07-28,4_to_6,Dead,0,0
BS42B,AMEL,2014-07-28,6_to_8,Alive,0,0
BS42B,AMEL,2014-07-28,6_to_8,Dead,0,0
BS42B,FAGR,2014-07-28,0_to_2,Alive,5,0.946
BS42B,FAGR,2014-07-28,0_to_2,Dead,0,0
BS42B,FAGR,2014-07-28,2_to_4,Alive,1,2.392919529
BS42B,FAGR,2014-07-28,2_to_4,Dead,0,0
BS42B,FAGR,2014-07-28,4_to_6,Alive,1,7.786318258
BS42B,FAGR,2014-07-28,4_to_6,Dead,0,0
BS42B,FAGR,2014-07-28,6_to_8,Alive,0,0
BS42B,FAGR,2014-07-28,6_to_8,Dead,0,0
BS42B,ABBA,2014-07-28,0_to_2,Alive,0,0
BS42B,ABBA,2014-07-28,0_to_2,Dead,0,0
BS42B,ABBA,2014-07-28,2_to_4,Alive,0,0
BS42B,ABBA,2014-07-28,2_to_4,Dead,0,0
BS42B,ABBA,2014-07-28,4_to_6,Alive,0,0
BS42B,ABBA,2014-07-28,4_to_6,Dead,0,0
BS42B,ABBA,2014-07-28,6_to_8,Alive,1,9.692317818
BS42B,ABBA,2014-07-28,6_to_8,Dead,0,0
BS42B,BEPA,2014-07-28,0_to_2,Alive,0,0
BS42B,BEPA,2014-07-28,0_to_2,Dead,0,0
BS42B,BEPA,2014-07-28,2_to_4,Alive,0,0
BS42B,BEPA,2014-07-28,2_to_4,Dead,0,0
BS42B,BEPA,2014-07-28,4_to_6,Alive,0,0
BS42B,BEPA,2014-07-28,4_to_6,Dead,0,0
BS42B,BEPA,2014-07-28,6_to_8,Alive,1,7.543038108
BS42B,BEPA,2014-07-28,6_to_8,Dead,0,0
BS42B,PIGL,2014-07-28,0_to_2,Alive,0,0
BS42B,PIGL,2014-07-28,0_to_2,Dead,0,0
BS42B,PIGL,2014-07-28,2_to_4,Alive,1,1.941807365
BS42B,PIGL,2014-07-28,2_to_4,Dead,0,0
BS42B,PIGL,2014-07-28,4_to_6,Alive,0,0
BS42B,PIGL,2014-07-28,4_to_6,Dead,0,0
BS42B,PIGL,2014-07-28,6_to_8,Alive,0,0
BS42B,PIGL,2014-07-28,6_to_8,Dead,0,0
CP1,FAGR,2014-06-13,0_to_2,Alive,84,15.8928
CP1,FAGR,2014-06-13,0_to_2,Dead,10,1.892
CP1,FAGR,2014-06-13,2_to_4,Alive,63,150.7539303
CP1,FAGR,2014-06-13,2_to_4,Dead,1,2.392919529
CP1,FAGR,2014-06-13,4_to_6,Alive,14,109.0084556
CP1,FAGR,2014-06-13,4_to_6,Dead,1,7.786318258
CP1,FAGR,2014-06-13,6_to_8,Alive,1,16.93729591
CP1,FAGR,2014-06-13,6_to_8,Dead,0,0
CP1,ACSA,2014-06-13,0_to_2,Alive,2,0.3386
CP1,ACSA,2014-06-13,0_to_2,Dead,0,0
CP1,ACSA,2014-06-13,2_to_4,Alive,0,0
CP1,ACSA,2014-06-13,2_to_4,Dead,0,0
CP1,ACSA,2014-06-13,4_to_6,Alive,3,22.07416655
CP1,ACSA,2014-06-13,4_to_6,Dead,1,7.358055517
CP1,ACSA,2014-06-13,6_to_8,Alive,2,32.37864874
CP1,ACSA,2014-06-13,6_to_8,Dead,1,16.18932437
CP2,FAGR,2014-06-18,0_to_2,Alive,49,9.2708
CP2,FAGR,2014-06-18,0_to_2,Dead,7,1.3244
CP2,FAGR,2014-06-18,2_to_4,Alive,55,131.6105741
CP2,FAGR,2014-06-18,2_to_4,Dead,4,9.571678117
CP2,FAGR,2014-06-18,4_to_6,Alive,17,132.3674104
CP2,FAGR,2014-06-18,4_to_6,Dead,1,7.786318258
CP2,FAGR,2014-06-18,6_to_8,Alive,6,101.6237755
CP2,FAGR,2014-06-18,6_to_8,Dead,3,50.81188773
CP2,ACSA,2014-06-18,0_to_2,Alive,0,0
CP2,ACSA,2014-06-18,0_to_2,Dead,0,0
CP2,ACSA,2014-06-18,2_to_4,Alive,2,4.444964802
CP2,ACSA,2014-06-18,2_to_4,Dead,1,2.222482401
CP2,ACSA,2014-06-18,4_to_6,Alive,1,7.358055517
CP2,ACSA,2014-06-18,4_to_6,Dead,0,0
CP2,ACSA,2014-06-18,6_to_8,Alive,0,0
CP2,ACSA,2014-06-18,6_to_8,Dead,1,16.18932437
CP2,ACRU,2014-06-18,0_to_2,Alive,0,0
CP2,ACRU,2014-06-18,0_to_2,Dead,0,0
CP2,ACRU,2014-06-18,2_to_4,Alive,0,0
CP2,ACRU,2014-06-18,2_to_4,Dead,0,0
CP2,ACRU,2014-06-18,4_to_6,Alive,0,0
CP2,ACRU,2014-06-18,4_to_6,Dead,0,0
CP2,ACRU,2014-06-18,6_to_8,Alive,0,0
CP2,ACRU,2014-06-18,6_to_8,Dead,1,6.94095386
CP3,FAGR,2014-06-18,0_to_2,Alive,97,18.3524
CP3,FAGR,2014-06-18,0_to_2,Dead,9,1.7028
CP3,FAGR,2014-06-18,2_to_4,Alive,83,198.6123209
CP3,FAGR,2014-06-18,2_to_4,Dead,3,7.178758588
CP3,FAGR,2014-06-18,4_to_6,Alive,14,109.0084556
CP3,FAGR,2014-06-18,4_to_6,Dead,0,0
CP3,FAGR,2014-06-18,6_to_8,Alive,12,203.2475509
CP3,FAGR,2014-06-18,6_to_8,Dead,0,0
CP3,ACSA,2014-06-18,0_to_2,Alive,1,0.1693
CP3,ACSA,2014-06-18,0_to_2,Dead,0,0
CP3,ACSA,2014-06-18,2_to_4,Alive,0,0
CP3,ACSA,2014-06-18,2_to_4,Dead,1,2.222482401
CP3,ACSA,2014-06-18,4_to_6,Alive,2,14.71611103
CP3,ACSA,2014-06-18,4_to_6,Dead,1,7.358055517
CP3,ACSA,2014-06-18,6_to_8,Alive,2,32.37864874
CP3,ACSA,2014-06-18,6_to_8,Dead,1,16.18932437
CP3,TSCA,2014-06-18,0_to_2,Alive,0,0
CP3,TSCA,2014-06-18,0_to_2,Dead,0,0
CP3,TSCA,2014-06-18,2_to_4,Alive,0,0
CP3,TSCA,2014-06-18,2_to_4,Dead,0,0
CP3,TSCA,2014-06-18,4_to_6,Alive,0,0
CP3,TSCA,2014-06-18,4_to_6,Dead,0,0
CP3,TSCA,2014-06-18,6_to_8,Alive,1,27.82563119
CP3,TSCA,2014-06-18,6_to_8,Dead,0,0
DNR1,ACRU,2014-07-29,0_to_2,Alive,11,0.34287
DNR1,ACRU,2014-07-29,0_to_2,Dead,45,1.40265
DNR1,ACRU,2014-07-29,2_to_4,Alive,46,30.33454461
DNR1,ACRU,2014-07-29,2_to_4,Dead,17,11.21059257
DNR1,ACRU,2014-07-29,4_to_6,Alive,51,139.0098742
DNR1,ACRU,2014-07-29,4_to_6,Dead,1,2.725683809
DNR1,ACRU,2014-07-29,6_to_8,Alive,20,138.8190772
DNR1,ACRU,2014-07-29,6_to_8,Dead,0,0
DNR1,POGR,2014-07-29,0_to_2,Alive,0,0
DNR1,POGR,2014-07-29,0_to_2,Dead,34,4.7158
DNR1,POGR,2014-07-29,2_to_4,Alive,16,29.33161447
DNR1,POGR,2014-07-29,2_to_4,Dead,42,76.99548798
DNR1,POGR,2014-07-29,4_to_6,Alive,51,310.5176948
DNR1,POGR,2014-07-29,4_to_6,Dead,27,164.3917208
DNR1,POGR,2014-07-29,6_to_8,Alive,40,536.9672849
DNR1,POGR,2014-07-29,6_to_8,Dead,11,147.6660034
DNR1,QURU,2014-07-29,0_to_2,Alive,1,0.0398
DNR1,QURU,2014-07-29,0_to_2,Dead,7,0.2786
DNR1,QURU,2014-07-29,2_to_4,Alive,2,1.67556452
DNR1,QURU,2014-07-29,2_to_4,Dead,16,13.40451616
DNR1,QURU,2014-07-29,4_to_6,Alive,7,24.18268518
DNR1,QURU,2014-07-29,4_to_6,Dead,7,24.18268518
DNR1,QURU,2014-07-29,6_to_8,Alive,6,52.70225847
DNR1,QURU,2014-07-29,6_to_8,Dead,0,0
DNR1,FAGR,2014-07-29,0_to_2,Alive,0,0
DNR1,FAGR,2014-07-29,0_to_2,Dead,0,0
DNR1,FAGR,2014-07-29,2_to_4,Alive,7,16.7504367
DNR1,FAGR,2014-07-29,2_to_4,Dead,0,0
DNR1,FAGR,2014-07-29,4_to_6,Alive,1,7.786318258
DNR1,FAGR,2014-07-29,4_to_6,Dead,0,0
DNR1,FAGR,2014-07-29,6_to_8,Alive,0,0
DNR1,FAGR,2014-07-29,6_to_8,Dead,0,0
DNR1,BEPA,2014-07-29,0_to_2,Alive,1,0.0301
DNR1,BEPA,2014-07-29,0_to_2,Dead,0,0
DNR1,BEPA,2014-07-29,2_to_4,Alive,1,0.680723277
DNR1,BEPA,2014-07-29,2_to_4,Dead,1,0.680723277
DNR1,BEPA,2014-07-29,4_to_6,Alive,2,5.804470958
DNR1,BEPA,2014-07-29,4_to_6,Dead,0,0
DNR1,BEPA,2014-07-29,6_to_8,Alive,3,22.62911432
DNR1,BEPA,2014-07-29,6_to_8,Dead,0,0
DNR1,PIST,2014-07-29,0_to_2,Alive,1,0.0408
DNR1,PIST,2014-07-29,0_to_2,Dead,0,0
DNR1,PIST,2014-07-29,2_to_4,Alive,0,0
DNR1,PIST,2014-07-29,2_to_4,Dead,0,0
DNR1,PIST,2014-07-29,4_to_6,Alive,2,5.134397224
DNR1,PIST,2014-07-29,4_to_6,Dead,0,0
DNR1,PIST,2014-07-29,6_to_8,Alive,0,0
DNR1,PIST,2014-07-29,6_to_8,Dead,0,0
DNR2,POGR,2014-07-29,0_to_2,Alive,0,0
DNR2,POGR,2014-07-29,0_to_2,Dead,11,1.5257
DNR2,POGR,2014-07-29,2_to_4,Alive,12,21.99871085
DNR2,POGR,2014-07-29,2_to_4,Dead,34,62.32968075
DNR2,POGR,2014-07-29,4_to_6,Alive,38,231.3661255
DNR2,POGR,2014-07-29,4_to_6,Dead,27,164.3917208
DNR2,POGR,2014-07-29,6_to_8,Alive,35,469.8463743
DNR2,POGR,2014-07-29,6_to_8,Dead,14,187.9385497
DNR2,ACRU,2014-07-29,0_to_2,Alive,12,0.37404
DNR2,ACRU,2014-07-29,0_to_2,Dead,58,1.80786
DNR2,ACRU,2014-07-29,2_to_4,Alive,44,29.01565136
DNR2,ACRU,2014-07-29,2_to_4,Dead,29,19.12395204
DNR2,ACRU,2014-07-29,4_to_6,Alive,45,122.6557714
DNR2,ACRU,2014-07-29,4_to_6,Dead,1,2.725683809
DNR2,ACRU,2014-07-29,6_to_8,Alive,30,208.2286158
DNR2,ACRU,2014-07-29,6_to_8,Dead,1,6.94095386
DNR2,QURU,2014-07-29,0_to_2,Alive,0,0
DNR2,QURU,2014-07-29,0_to_2,Dead,5,0.199
DNR2,QURU,2014-07-29,2_to_4,Alive,9,7.540040339
DNR2,QURU,2014-07-29,2_to_4,Dead,5,4.1889113
DNR2,QURU,2014-07-29,4_to_6,Alive,9,31.0920238
DNR2,QURU,2014-07-29,4_to_6,Dead,2,6.909338623
DNR2,QURU,2014-07-29,6_to_8,Alive,5,43.91854873
DNR2,QURU,2014-07-29,6_to_8,Dead,0,0
DNR2,BEPA,2014-07-29,0_to_2,Alive,0,0
DNR2,BEPA,2014-07-29,0_to_2,Dead,0,0
DNR2,BEPA,2014-07-29,2_to_4,Alive,0,0
DNR2,BEPA,2014-07-29,2_to_4,Dead,2,1.361446554
DNR2,BEPA,2014-07-29,4_to_6,Alive,1,2.902235479
DNR2,BEPA,2014-07-29,4_to_6,Dead,4,11.60894192
DNR2,BEPA,2014-07-29,6_to_8,Alive,1,7.543038108
DNR2,BEPA,2014-07-29,6_to_8,Dead,0,0
DNR2,FAGR,2014-07-29,0_to_2,Alive,1,0.1892
DNR2,FAGR,2014-07-29,0_to_2,Dead,0,0
DNR2,FAGR,2014-07-29,2_to_4,Alive,1,2.392919529
DNR2,FAGR,2014-07-29,2_to_4,Dead,0,0
DNR2,FAGR,2014-07-29,4_to_6,Alive,0,0
DNR2,FAGR,2014-07-29,4_to_6,Dead,0,0
DNR2,FAGR,2014-07-29,6_to_8,Alive,0,0
DNR2,FAGR,2014-07-29,6_to_8,Dead,0,0
DNR2,AMEL,2014-07-29,0_to_2,Alive,3,0.489
DNR2,AMEL,2014-07-29,0_to_2,Dead,0,0
DNR2,AMEL,2014-07-29,2_to_4,Alive,0,0
DNR2,AMEL,2014-07-29,2_to_4,Dead,0,0
DNR2,AMEL,2014-07-29,4_to_6,Alive,0,0
DNR2,AMEL,2014-07-29,4_to_6,Dead,0,0
DNR2,AMEL,2014-07-29,6_to_8,Alive,0,0
DNR2,AMEL,2014-07-29,6_to_8,Dead,0,0
DNR3,POGR,2014-07-29,0_to_2,Alive,1,0.1387
DNR3,POGR,2014-07-29,0_to_2,Dead,31,4.2997
DNR3,POGR,2014-07-29,2_to_4,Alive,25,45.83064761
DNR3,POGR,2014-07-29,2_to_4,Dead,43,78.82871389
DNR3,POGR,2014-07-29,4_to_6,Alive,73,444.4665043
DNR3,POGR,2014-07-29,4_to_6,Dead,18,109.5944805
DNR3,POGR,2014-07-29,6_to_8,Alive,61,818.8751095
DNR3,POGR,2014-07-29,6_to_8,Dead,7,93.96927486
DNR3,ACRU,2014-07-29,0_to_2,Alive,18,0.56106
DNR3,ACRU,2014-07-29,0_to_2,Dead,59,1.83903
DNR3,ACRU,2014-07-29,2_to_4,Alive,81,53.41517638
DNR3,ACRU,2014-07-29,2_to_4,Dead,22,14.50782568
DNR3,ACRU,2014-07-29,4_to_6,Alive,46,125.3814552
DNR3,ACRU,2014-07-29,4_to_6,Dead,2,5.451367617
DNR3,ACRU,2014-07-29,6_to_8,Alive,35,242.9333851
DNR3,ACRU,2014-07-29,6_to_8,Dead,0,0
DNR3,QURU,2014-07-29,0_to_2,Alive,2,0.0796
DNR3,QURU,2014-07-29,0_to_2,Dead,0,0
DNR3,QURU,2014-07-29,2_to_4,Alive,1,0.83778226
DNR3,QURU,2014-07-29,2_to_4,Dead,2,1.67556452
DNR3,QURU,2014-07-29,4_to_6,Alive,1,3.454669312
DNR3,QURU,2014-07-29,4_to_6,Dead,1,3.454669312
DNR3,QURU,2014-07-29,6_to_8,Alive,1,8.783709746
DNR3,QURU,2014-07-29,6_to_8,Dead,0,0
DNR3,FAGR,2014-07-29,0_to_2,Alive,0,0
DNR3,FAGR,2014-07-29,0_to_2,Dead,0,0
DNR3,FAGR,2014-07-29,2_to_4,Alive,0,0
DNR3,FAGR,2014-07-29,2_to_4,Dead,0,0
DNR3,FAGR,2014-07-29,4_to_6,Alive,1,7.786318258
DNR3,FAGR,2014-07-29,4_to_6,Dead,0,0
DNR3,FAGR,2014-07-29,6_to_8,Alive,0,0
DNR3,FAGR,2014-07-29,6_to_8,Dead,0,0
DNR3,AMEL,2014-07-29,0_to_2,Alive,7,1.141
DNR3,AMEL,2014-07-29,0_to_2,Dead,0,0
DNR3,AMEL,2014-07-29,2_to_4,Alive,1,2.524224709
DNR3,AMEL,2014-07-29,2_to_4,Dead,0,0
DNR3,AMEL,2014-07-29,4_to_6,Alive,0,0
DNR3,AMEL,2014-07-29,4_to_6,Dead,0,0
DNR3,AMEL,2014-07-29,6_to_8,Alive,0,0
DNR3,AMEL,2014-07-29,6_to_8,Dead,0,0
DNR3,BEPA,2014-07-29,0_to_2,Alive,1,0.0301
DNR3,BEPA,2014-07-29,0_to_2,Dead,0,0
DNR3,BEPA,2014-07-29,2_to_4,Alive,2,1.361446554
DNR3,BEPA,2014-07-29,2_to_4,Dead,1,0.680723277
DNR3,BEPA,2014-07-29,4_to_6,Alive,1,2.902235479
DNR3,BEPA,2014-07-29,4_to_6,Dead,0,0
DNR3,BEPA,2014-07-29,6_to_8,Alive,2,15.08607622
DNR3,BEPA,2014-07-29,6_to_8,Dead,0,0
DNR3,PIST,2014-07-29,0_to_2,Alive,0,0
DNR3,PIST,2014-07-29,0_to_2,Dead,0,0
DNR3,PIST,2014-07-29,2_to_4,Alive,1,0.689495938
DNR3,PIST,2014-07-29,2_to_4,Dead,0,0
DNR3,PIST,2014-07-29,4_to_6,Alive,1,2.567198612
DNR3,PIST,2014-07-29,4_to_6,Dead,0,0
DNR3,PIST,2014-07-29,6_to_8,Alive,0,0
DNR3,PIST,2014-07-29,6_to_8,Dead,0,0
PSA1,ACRU,2014-07-17,0_to_2,Alive,8,0.24936
PSA1,ACRU,2014-07-17,0_to_2,Dead,25,0.77925
PSA1,ACRU,2014-07-17,2_to_4,Alive,32,21.1022919
PSA1,ACRU,2014-07-17,2_to_4,Dead,22,14.50782568
PSA1,ACRU,2014-07-17,4_to_6,Alive,25,68.14209521
PSA1,ACRU,2014-07-17,4_to_6,Dead,5,13.62841904
PSA1,ACRU,2014-07-17,6_to_8,Alive,18,124.9371695
PSA1,ACRU,2014-07-17,6_to_8,Dead,0,0
PSA1,POGR,2014-07-17,0_to_2,Alive,0,0
PSA1,POGR,2014-07-17,0_to_2,Dead,2,0.2774
PSA1,POGR,2014-07-17,2_to_4,Alive,1,1.833225904
PSA1,POGR,2014-07-17,2_to_4,Dead,2,3.666451809
PSA1,POGR,2014-07-17,4_to_6,Alive,2,12.1771645
PSA1,POGR,2014-07-17,4_to_6,Dead,12,73.062987
PSA1,POGR,2014-07-17,6_to_8,Alive,30,402.7254637
PSA1,POGR,2014-07-17,6_to_8,Dead,11,147.6660034
PSA1,PIST,2014-07-17,0_to_2,Alive,8,0.3264
PSA1,PIST,2014-07-17,0_to_2,Dead,0,0
PSA1,PIST,2014-07-17,2_to_4,Alive,12,8.273951259
PSA1,PIST,2014-07-17,2_to_4,Dead,0,0
PSA1,PIST,2014-07-17,4_to_6,Alive,5,12.83599306
PSA1,PIST,2014-07-17,4_to_6,Dead,1,2.567198612
PSA1,PIST,2014-07-17,6_to_8,Alive,7,42.71869815
PSA1,PIST,2014-07-17,6_to_8,Dead,2,12.20534233
PSA1,QURU,2014-07-17,0_to_2,Alive,3,0.1194
PSA1,QURU,2014-07-17,0_to_2,Dead,2,0.0796
PSA1,QURU,2014-07-17,2_to_4,Alive,6,5.026693559
PSA1,QURU,2014-07-17,2_to_4,Dead,2,1.67556452
PSA1,QURU,2014-07-17,4_to_6,Alive,2,6.909338623
PSA1,QURU,2014-07-17,4_to_6,Dead,1,3.454669312
PSA1,QURU,2014-07-17,6_to_8,Alive,5,43.91854873
PSA1,QURU,2014-07-17,6_to_8,Dead,2,17.56741949
PSA1,AMEL,2014-07-17,0_to_2,Alive,4,0.652
PSA1,AMEL,2014-07-17,0_to_2,Dead,1,0.163
PSA1,AMEL,2014-07-17,2_to_4,Alive,3,7.572674128
PSA1,AMEL,2014-07-17,2_to_4,Dead,0,0
PSA1,AMEL,2014-07-17,4_to_6,Alive,0,0
PSA1,AMEL,2014-07-17,4_to_6,Dead,0,0
PSA1,AMEL,2014-07-17,6_to_8,Alive,0,0
PSA1,AMEL,2014-07-17,6_to_8,Dead,0,0
PSA1,PIRE,2014-07-17,0_to_2,Alive,1,0.0526
PSA1,PIRE,2014-07-17,0_to_2,Dead,0,0
PSA1,PIRE,2014-07-17,2_to_4,Alive,0,0
PSA1,PIRE,2014-07-17,2_to_4,Dead,0,0
PSA1,PIRE,2014-07-17,4_to_6,Alive,0,0
PSA1,PIRE,2014-07-17,4_to_6,Dead,0,0
PSA1,PIRE,2014-07-17,6_to_8,Alive,0,0
PSA1,PIRE,2014-07-17,6_to_8,Dead,1,7.170251246
PSA2,PIST,NA,0_to_2,Alive,38,1.5504
PSA2,PIST,NA,0_to_2,Dead,1,0.0408
PSA2,PIST,NA,2_to_4,Alive,5,3.447479691
PSA2,PIST,NA,2_to_4,Dead,0,0
PSA2,PIST,NA,4_to_6,Alive,4,10.26879445
PSA2,PIST,NA,4_to_6,Dead,0,0
PSA2,PIST,NA,6_to_8,Alive,4,24.41068465
PSA2,PIST,NA,6_to_8,Dead,0,0
PSA2,ACRU,NA,0_to_2,Alive,24,0.74808
PSA2,ACRU,NA,0_to_2,Dead,9,0.28053
PSA2,ACRU,NA,2_to_4,Alive,28,18.46450541
PSA2,ACRU,NA,2_to_4,Dead,11,7.253912841
PSA2,ACRU,NA,4_to_6,Alive,29,79.04483045
PSA2,ACRU,NA,4_to_6,Dead,6,16.35410285
PSA2,ACRU,NA,6_to_8,Alive,20,138.8190772
PSA2,ACRU,NA,6_to_8,Dead,0,0
PSA2,POGR,NA,0_to_2,Alive,0,0
PSA2,POGR,NA,0_to_2,Dead,1,0.1387
PSA2,POGR,NA,2_to_4,Alive,0,0
PSA2,POGR,NA,2_to_4,Dead,5,9.166129522
PSA2,POGR,NA,4_to_6,Alive,0,0
PSA2,POGR,NA,4_to_6,Dead,17,103.5058983
PSA2,POGR,NA,6_to_8,Alive,8,107.393457
PSA2,POGR,NA,6_to_8,Dead,20,268.4836425
PSA2,POTR,NA,0_to_2,Alive,0,0
PSA2,POTR,NA,0_to_2,Dead,0,0
PSA2,POTR,NA,2_to_4,Alive,0,0
PSA2,POTR,NA,2_to_4,Dead,0,0
PSA2,POTR,NA,4_to_6,Alive,1,4.016641778
PSA2,POTR,NA,4_to_6,Dead,3,12.04992533
PSA2,POTR,NA,6_to_8,Alive,2,19.42048173
PSA2,POTR,NA,6_to_8,Dead,0,0
PSA2,PIRE,NA,0_to_2,Alive,1,0.0526
PSA2,PIRE,NA,0_to_2,Dead,0,0
PSA2,PIRE,NA,2_to_4,Alive,0,0
PSA2,PIRE,NA,2_to_4,Dead,0,0
PSA2,PIRE,NA,4_to_6,Alive,1,3.065096704
PSA2,PIRE,NA,4_to_6,Dead,0,0
PSA2,PIRE,NA,6_to_8,Alive,0,0
PSA2,PIRE,NA,6_to_8,Dead,0,0
PSA2,QURU,NA,0_to_2,Alive,0,0
PSA2,QURU,NA,0_to_2,Dead,1,0.0398
PSA2,QURU,NA,2_to_4,Alive,0,0
PSA2,QURU,NA,2_to_4,Dead,5,4.1889113
PSA2,QURU,NA,4_to_6,Alive,4,13.81867725
PSA2,QURU,NA,4_to_6,Dead,2,6.909338623
PSA2,QURU,NA,6_to_8,Alive,0,0
PSA2,QURU,NA,6_to_8,Dead,1,8.783709746
PSA2,AMEL,NA,0_to_2,Alive,0,0
PSA2,AMEL,NA,0_to_2,Dead,0,0
PSA2,AMEL,NA,2_to_4,Alive,0,0
PSA2,AMEL,NA,2_to_4,Dead,1,2.524224709
PSA2,AMEL,NA,4_to_6,Alive,0,0
PSA2,AMEL,NA,4_to_6,Dead,0,0
PSA2,AMEL,NA,6_to_8,Alive,0,0
PSA2,AMEL,NA,6_to_8,Dead,0,0
PSA3,POGR,NA,0_to_2,Alive,2,0.2774
PSA3,POGR,NA,0_to_2,Dead,6,0.8322
PSA3,POGR,NA,2_to_4,Alive,0,0
PSA3,POGR,NA,2_to_4,Dead,9,16.49903314
PSA3,POGR,NA,4_to_6,Alive,7,42.62007575
PSA3,POGR,NA,4_to_6,Dead,9,54.79724025
PSA3,POGR,NA,6_to_8,Alive,27,362.4529173
PSA3,POGR,NA,6_to_8,Dead,10,134.2418212
PSA3,PIST,NA,0_to_2,Alive,13,0.5304
PSA3,PIST,NA,0_to_2,Dead,1,0.0408
PSA3,PIST,NA,2_to_4,Alive,0,0
PSA3,PIST,NA,2_to_4,Dead,0,0
PSA3,PIST,NA,4_to_6,Alive,0,0
PSA3,PIST,NA,4_to_6,Dead,0,0
PSA3,PIST,NA,6_to_8,Alive,0,0
PSA3,PIST,NA,6_to_8,Dead,0,0
PSA3,QURU,NA,0_to_2,Alive,0,0
PSA3,QURU,NA,0_to_2,Dead,0,0
PSA3,QURU,NA,2_to_4,Alive,7,5.864475819
PSA3,QURU,NA,2_to_4,Dead,6,5.026693559
PSA3,QURU,NA,4_to_6,Alive,6,20.72801587
PSA3,QURU,NA,4_to_6,Dead,2,6.909338623
PSA3,QURU,NA,6_to_8,Alive,3,26.35112924
PSA3,QURU,NA,6_to_8,Dead,0,0
PSA3,ACRU,NA,0_to_2,Alive,8,0.24936
PSA3,ACRU,NA,0_to_2,Dead,5,0.15585
PSA3,ACRU,NA,2_to_4,Alive,16,10.55114595
PSA3,ACRU,NA,2_to_4,Dead,9,5.935019597
PSA3,ACRU,NA,4_to_6,Alive,14,38.15957332
PSA3,ACRU,NA,4_to_6,Dead,1,2.725683809
PSA3,ACRU,NA,6_to_8,Alive,17,117.9962156
PSA3,ACRU,NA,6_to_8,Dead,2,13.88190772
PSA3,Unknown,NA,0_to_2,Alive,1,0.163
PSA3,Unknown,NA,0_to_2,Dead,0,0
PSA3,Unknown,NA,2_to_4,Alive,0,0
PSA3,Unknown,NA,2_to_4,Dead,0,0
PSA3,Unknown,NA,4_to_6,Alive,0,0
PSA3,Unknown,NA,4_to_6,Dead,0,0
PSA3,Unknown,NA,6_to_8,Alive,0,0
PSA3,Unknown,NA,6_to_8,Dead,0,0
PSA3,BEPA,NA,0_to_2,Alive,0,0
PSA3,BEPA,NA,0_to_2,Dead,0,0
PSA3,BEPA,NA,2_to_4,Alive,1,0.680723277
PSA3,BEPA,NA,2_to_4,Dead,0,0
PSA3,BEPA,NA,4_to_6,Alive,1,2.902235479
PSA3,BEPA,NA,4_to_6,Dead,0,0
PSA3,BEPA,NA,6_to_8,Alive,7,52.80126675
PSA3,BEPA,NA,6_to_8,Dead,0,0
PSA3,FAGR,NA,0_to_2,Alive,8,1.5136
PSA3,FAGR,NA,0_to_2,Dead,0,0
PSA3,FAGR,NA,2_to_4,Alive,8,19.14335623
PSA3,FAGR,NA,2_to_4,Dead,0,0
PSA3,FAGR,NA,4_to_6,Alive,2,15.57263652
PSA3,FAGR,NA,4_to_6,Dead,0,0
PSA3,FAGR,NA,6_to_8,Alive,3,50.81188773
PSA3,FAGR,NA,6_to_8,Dead,0,0
PSA3,PIRE,NA,0_to_2,Alive,1,0.0526
PSA3,PIRE,NA,0_to_2,Dead,0,0
PSA3,PIRE,NA,2_to_4,Alive,1,0.843526264
PSA3,PIRE,NA,2_to_4,Dead,0,0
PSA3,PIRE,NA,4_to_6,Alive,0,0
PSA3,PIRE,NA,4_to_6,Dead,0,0
PSA3,PIRE,NA,6_to_8,Alive,0,0
PSA3,PIRE,NA,6_to_8,Dead,0,0
BP36#2,PIST,2014-07-31,0_to_2,Alive,59,2.4072
BP36#2,PIST,2014-07-31,0_to_2,Dead,4,0.1632
BP36#2,PIST,2014-07-31,2_to_4,Alive,18,12.41092689
BP36#2,PIST,2014-07-31,2_to_4,Dead,5,3.447479691
BP36#2,PIST,2014-07-31,4_to_6,Alive,20,51.34397224
BP36#2,PIST,2014-07-31,4_to_6,Dead,0,0
BP36#2,PIST,2014-07-31,6_to_8,Alive,10,61.02671164
BP36#2,PIST,2014-07-31,6_to_8,Dead,1,6.102671164
BP36#2,ACRU,2014-07-31,0_to_2,Alive,0,0
BP36#2,ACRU,2014-07-31,0_to_2,Dead,2,0.06234
BP36#2,ACRU,2014-07-31,2_to_4,Alive,7,4.616126353
BP36#2,ACRU,2014-07-31,2_to_4,Dead,2,1.318893244
BP36#2,ACRU,2014-07-31,4_to_6,Alive,8,21.80547047
BP36#2,ACRU,2014-07-31,4_to_6,Dead,0,0
BP36#2,ACRU,2014-07-31,6_to_8,Alive,5,34.7047693
BP36#2,ACRU,2014-07-31,6_to_8,Dead,0,0
BP36#2,POGR,2014-07-31,0_to_2,Alive,0,0
BP36#2,POGR,2014-07-31,0_to_2,Dead,2,0.2774
BP36#2,POGR,2014-07-31,2_to_4,Alive,0,0
BP36#2,POGR,2014-07-31,2_to_4,Dead,1,1.833225904
BP36#2,POGR,2014-07-31,4_to_6,Alive,0,0
BP36#2,POGR,2014-07-31,4_to_6,Dead,1,6.08858225
BP36#2,POGR,2014-07-31,6_to_8,Alive,0,0
BP36#2,POGR,2014-07-31,6_to_8,Dead,0,0
BP36#2,QURU,2014-07-31,0_to_2,Alive,8,0.3184
BP36#2,QURU,2014-07-31,0_to_2,Dead,2,0.0796
BP36#2,QURU,2014-07-31,2_to_4,Alive,1,0.83778226
BP36#2,QURU,2014-07-31,2_to_4,Dead,0,0
BP36#2,QURU,2014-07-31,4_to_6,Alive,0,0
BP36#2,QURU,2014-07-31,4_to_6,Dead,0,0
BP36#2,QURU,2014-07-31,6_to_8,Alive,0,0
BP36#2,QURU,2014-07-31,6_to_8,Dead,1,8.783709746
BP36#2,BEPA,2014-07-31,0_to_2,Alive,0,0
BP36#2,BEPA,2014-07-31,0_to_2,Dead,0,0
BP36#2,BEPA,2014-07-31,2_to_4,Alive,0,0
BP36#2,BEPA,2014-07-31,2_to_4,Dead,0,0
BP36#2,BEPA,2014-07-31,4_to_6,Alive,1,2.902235479
BP36#2,BEPA,2014-07-31,4_to_6,Dead,0,0
BP36#2,BEPA,2014-07-31,6_to_8,Alive,0,0
BP36#2,BEPA,2014-07-31,6_to_8,Dead,0,0
BP36#2,PIRE,2014-07-31,0_to_2,Alive,2,0.1052
BP36#2,PIRE,2014-07-31,0_to_2,Dead,0,0
BP36#2,PIRE,2014-07-31,2_to_4,Alive,0,0
BP36#2,PIRE,2014-07-31,2_to_4,Dead,0,0
BP36#2,PIRE,2014-07-31,4_to_6,Alive,0,0
BP36#2,PIRE,2014-07-31,4_to_6,Dead,0,0
BP36#2,PIRE,2014-07-31,6_to_8,Alive,0,0
BP36#2,PIRE,2014-07-31,6_to_8,Dead,0,0
BP36#2,FAGR,2014-07-31,0_to_2,Alive,4,0.7568
BP36#2,FAGR,2014-07-31,0_to_2,Dead,0,0
BP36#2,FAGR,2014-07-31,2_to_4,Alive,0,0
BP36#2,FAGR,2014-07-31,2_to_4,Dead,0,0
BP36#2,FAGR,2014-07-31,4_to_6,Alive,0,0
BP36#2,FAGR,2014-07-31,4_to_6,Dead,0,0
BP36#2,FAGR,2014-07-31,6_to_8,Alive,0,0
BP36#2,FAGR,2014-07-31,6_to_8,Dead,0,0
BP36#1,PIST,2014-07-31,0_to_2,Alive,56,2.2848
BP36#1,PIST,2014-07-31,0_to_2,Dead,1,0.0408
BP36#1,PIST,2014-07-31,2_to_4,Alive,17,11.72143095
BP36#1,PIST,2014-07-31,2_to_4,Dead,4,2.757983753
BP36#1,PIST,2014-07-31,4_to_6,Alive,13,33.37358195
BP36#1,PIST,2014-07-31,4_to_6,Dead,2,5.134397224
BP36#1,PIST,2014-07-31,6_to_8,Alive,12,73.23205396
BP36#1,PIST,2014-07-31,6_to_8,Dead,0,0
BP36#1,ACRU,2014-07-31,0_to_2,Alive,4,0.12468
BP36#1,ACRU,2014-07-31,0_to_2,Dead,0,0
BP36#1,ACRU,2014-07-31,2_to_4,Alive,4,2.637786488
BP36#1,ACRU,2014-07-31,2_to_4,Dead,0,0
BP36#1,ACRU,2014-07-31,4_to_6,Alive,4,10.90273523
BP36#1,ACRU,2014-07-31,4_to_6,Dead,0,0
BP36#1,ACRU,2014-07-31,6_to_8,Alive,3,20.82286158
BP36#1,ACRU,2014-07-31,6_to_8,Dead,0,0
BP36#1,AMEL,2014-07-31,0_to_2,Alive,0,0
BP36#1,AMEL,2014-07-31,0_to_2,Dead,0,0
BP36#1,AMEL,2014-07-31,2_to_4,Alive,2,5.048449419
BP36#1,AMEL,2014-07-31,2_to_4,Dead,1,2.524224709
BP36#1,AMEL,2014-07-31,4_to_6,Alive,0,0
BP36#1,AMEL,2014-07-31,4_to_6,Dead,1,9.024409525
BP36#1,AMEL,2014-07-31,6_to_8,Alive,0,0
BP36#1,AMEL,2014-07-31,6_to_8,Dead,0,0
BP36#1,QURU,2014-07-31,0_to_2,Alive,37,1.4726
BP36#1,QURU,2014-07-31,0_to_2,Dead,6,0.2388
BP36#1,QURU,2014-07-31,2_to_4,Alive,15,12.5667339
BP36#1,QURU,2014-07-31,2_to_4,Dead,0,0
BP36#1,QURU,2014-07-31,4_to_6,Alive,5,17.27334656
BP36#1,QURU,2014-07-31,4_to_6,Dead,0,0
BP36#1,QURU,2014-07-31,6_to_8,Alive,0,0
BP36#1,QURU,2014-07-31,6_to_8,Dead,0,0
BP36#1,FAGR,2014-07-31,0_to_2,Alive,4,0.7568
BP36#1,FAGR,2014-07-31,0_to_2,Dead,0,0
BP36#1,FAGR,2014-07-31,2_to_4,Alive,0,0
BP36#1,FAGR,2014-07-31,2_to_4,Dead,0,0
BP36#1,FAGR,2014-07-31,4_to_6,Alive,0,0
BP36#1,FAGR,2014-07-31,4_to_6,Dead,0,0
BP36#1,FAGR,2014-07-31,6_to_8,Alive,0,0
BP36#1,FAGR,2014-07-31,6_to_8,Dead,0,0
BP36#1,PIRE,2014-07-31,0_to_2,Alive,4,0.2104
BP36#1,PIRE,2014-07-31,0_to_2,Dead,0,0
BP36#1,PIRE,2014-07-31,2_to_4,Alive,1,0.843526264
BP36#1,PIRE,2014-07-31,2_to_4,Dead,1,0.843526264
BP36#1,PIRE,2014-07-31,4_to_6,Alive,0,0
BP36#1,PIRE,2014-07-31,4_to_6,Dead,0,0
BP36#1,PIRE,2014-07-31,6_to_8,Alive,0,0
BP36#1,PIRE,2014-07-31,6_to_8,Dead,0,0
BP36#1,POGR,2014-07-31,0_to_2,Alive,0,0
BP36#1,POGR,2014-07-31,0_to_2,Dead,1,0.1387
BP36#1,POGR,2014-07-31,2_to_4,Alive,0,0
BP36#1,POGR,2014-07-31,2_to_4,Dead,1,1.833225904
BP36#1,POGR,2014-07-31,4_to_6,Alive,0,0
BP36#1,POGR,2014-07-31,4_to_6,Dead,0,0
BP36#1,POGR,2014-07-31,6_to_8,Alive,1,13.42418212
BP36#1,POGR,2014-07-31,6_to_8,Dead,0,0
BP80#3,POGR,2014-07-31,0_to_2,Alive,0,0
BP80#3,POGR,2014-07-31,0_to_2,Dead,8,1.1096
BP80#3,POGR,2014-07-31,2_to_4,Alive,17,31.16484037
BP80#3,POGR,2014-07-31,2_to_4,Dead,35,64.16290665
BP80#3,POGR,2014-07-31,4_to_6,Alive,55,334.8720238
BP80#3,POGR,2014-07-31,4_to_6,Dead,22,133.9488095
BP80#3,POGR,2014-07-31,6_to_8,Alive,49,657.784924
BP80#3,POGR,2014-07-31,6_to_8,Dead,9,120.8176391
BP80#3,PIST,2014-07-31,0_to_2,Alive,31,1.2648
BP80#3,PIST,2014-07-31,0_to_2,Dead,3,0.1224
BP80#3,PIST,2014-07-31,2_to_4,Alive,39,26.89034159
BP80#3,PIST,2014-07-31,2_to_4,Dead,12,8.273951259
BP80#3,PIST,2014-07-31,4_to_6,Alive,0,0
BP80#3,PIST,2014-07-31,4_to_6,Dead,0,0
BP80#3,PIST,2014-07-31,6_to_8,Alive,2,12.20534233
BP80#3,PIST,2014-07-31,6_to_8,Dead,0,0
BP80#3,ACRU,2014-07-31,0_to_2,Alive,31,0.96627
BP80#3,ACRU,2014-07-31,0_to_2,Dead,65,2.02605
BP80#3,ACRU,2014-07-31,2_to_4,Alive,52,34.29122434
BP80#3,ACRU,2014-07-31,2_to_4,Dead,21,13.84837906
BP80#3,ACRU,2014-07-31,4_to_6,Alive,45,122.6557714
BP80#3,ACRU,2014-07-31,4_to_6,Dead,0,0
BP80#3,ACRU,2014-07-31,6_to_8,Alive,31,215.1695697
BP80#3,ACRU,2014-07-31,6_to_8,Dead,0,0
BP80#3,QURU,2014-07-31,0_to_2,Alive,1,0.0398
BP80#3,QURU,2014-07-31,0_to_2,Dead,0,0
BP80#3,QURU,2014-07-31,2_to_4,Alive,3,2.51334678
BP80#3,QURU,2014-07-31,2_to_4,Dead,2,1.67556452
BP80#3,QURU,2014-07-31,4_to_6,Alive,3,10.36400793
BP80#3,QURU,2014-07-31,4_to_6,Dead,1,3.454669312
BP80#3,QURU,2014-07-31,6_to_8,Alive,2,17.56741949
BP80#3,QURU,2014-07-31,6_to_8,Dead,0,0
BP80#3,PIRE,2014-07-31,0_to_2,Alive,10,0.526
BP80#3,PIRE,2014-07-31,0_to_2,Dead,0,0
BP80#3,PIRE,2014-07-31,2_to_4,Alive,3,2.530578792
BP80#3,PIRE,2014-07-31,2_to_4,Dead,0,0
BP80#3,PIRE,2014-07-31,4_to_6,Alive,1,3.065096704
BP80#3,PIRE,2014-07-31,4_to_6,Dead,0,0
BP80#3,PIRE,2014-07-31,6_to_8,Alive,0,0
BP80#3,PIRE,2014-07-31,6_to_8,Dead,0,0
BP80#3,AMEL,2014-07-31,0_to_2,Alive,0,0
BP80#3,AMEL,2014-07-31,0_to_2,Dead,0,0
BP80#3,AMEL,2014-07-31,2_to_4,Alive,2,5.048449419
BP80#3,AMEL,2014-07-31,2_to_4,Dead,0,0
BP80#3,AMEL,2014-07-31,4_to_6,Alive,0,0
BP80#3,AMEL,2014-07-31,4_to_6,Dead,0,0
BP80#3,AMEL,2014-07-31,6_to_8,Alive,0,0
BP80#3,AMEL,2014-07-31,6_to_8,Dead,0,0
BP80#1,POGR,2014-07-31,0_to_2,Alive,0,0
BP80#1,POGR,2014-07-31,0_to_2,Dead,11,1.5257
BP80#1,POGR,2014-07-31,2_to_4,Alive,16,29.33161447
BP80#1,POGR,2014-07-31,2_to_4,Dead,25,45.83064761
BP80#1,POGR,2014-07-31,4_to_6,Alive,48,292.251948
BP80#1,POGR,2014-07-31,4_to_6,Dead,20,121.771645
BP80#1,POGR,2014-07-31,6_to_8,Alive,52,698.0574704
BP80#1,POGR,2014-07-31,6_to_8,Dead,6,80.54509274
BP80#1,ACRU,2014-07-31,0_to_2,Alive,9,0.28053
BP80#1,ACRU,2014-07-31,0_to_2,Dead,40,1.2468
BP80#1,ACRU,2014-07-31,2_to_4,Alive,32,21.1022919
BP80#1,ACRU,2014-07-31,2_to_4,Dead,19,12.52948582
BP80#1,ACRU,2014-07-31,4_to_6,Alive,23,62.6907276
BP80#1,ACRU,2014-07-31,4_to_6,Dead,1,2.725683809
BP80#1,ACRU,2014-07-31,6_to_8,Alive,15,104.1143079
BP80#1,ACRU,2014-07-31,6_to_8,Dead,0,0
BP80#1,PIST,2014-07-31,0_to_2,Alive,25,1.02
BP80#1,PIST,2014-07-31,0_to_2,Dead,0,0
BP80#1,PIST,2014-07-31,2_to_4,Alive,22,15.16891064
BP80#1,PIST,2014-07-31,2_to_4,Dead,1,0.689495938
BP80#1,PIST,2014-07-31,4_to_6,Alive,6,15.40319167
BP80#1,PIST,2014-07-31,4_to_6,Dead,1,2.567198612
BP80#1,PIST,2014-07-31,6_to_8,Alive,0,0
BP80#1,PIST,2014-07-31,6_to_8,Dead,0,0
BP80#1,QURU,2014-07-31,0_to_2,Alive,0,0
BP80#1,QURU,2014-07-31,0_to_2,Dead,0,0
BP80#1,QURU,2014-07-31,2_to_4,Alive,1,0.83778226
BP80#1,QURU,2014-07-31,2_to_4,Dead,2,1.67556452
BP80#1,QURU,2014-07-31,4_to_6,Alive,6,20.72801587
BP80#1,QURU,2014-07-31,4_to_6,Dead,2,6.909338623
BP80#1,QURU,2014-07-31,6_to_8,Alive,3,26.35112924
BP80#1,QURU,2014-07-31,6_to_8,Dead,0,0
BP80#1,PIRE,2014-07-31,0_to_2,Alive,15,0.789
BP80#1,PIRE,2014-07-31,0_to_2,Dead,2,0.1052
BP80#1,PIRE,2014-07-31,2_to_4,Alive,6,5.061157584
BP80#1,PIRE,2014-07-31,2_to_4,Dead,0,0
BP80#1,PIRE,2014-07-31,4_to_6,Alive,1,3.065096704
BP80#1,PIRE,2014-07-31,4_to_6,Dead,0,0
BP80#1,PIRE,2014-07-31,6_to_8,Alive,0,0
BP80#1,PIRE,2014-07-31,6_to_8,Dead,0,0
