"Plot_ID","Species","DBH_Size_Class","Year","Date","Count","Biomass"
"AC103","ACRU","0_to_2","2014",2014-06-10,2,0.06234
"AC103","ACRU","0_to_2","2019",2019-07-09,13,NA
"AC103","ACRU","2_to_4","2014",2014-06-10,9,5.935019598
"AC103","ACRU","2_to_4","2019",2019-07-09,9,NA
"AC103","ACRU","4_to_6","2014",2014-06-10,4,10.90273523
"AC103","ACRU","4_to_6","2019",2019-07-09,9,NA
"AC103","ACRU","6_to_8","2014",2014-06-10,12,83.29144632
"AC103","ACRU","6_to_8","2019",2019-07-09,9,NA
"AC103","PIRE","0_to_2","2014",2014-06-10,18,0.9468
"AC103","PIRE","0_to_2","2019",2019-07-09,27,NA
"AC103","PIRE","2_to_4","2014",2014-06-10,3,2.530578792
"AC103","PIRE","2_to_4","2019",2019-07-09,16,NA
"AC103","PIRE","4_to_6","2014",2014-06-10,0,0
"AC103","PIRE","4_to_6","2019",2019-07-09,2,NA
"AC103","PIRE","6_to_8","2014",2014-06-10,0,0
"AC103","PIRE","6_to_8","2019",2019-07-09,1,NA
"AC103","PIST","0_to_2","2014",2014-06-10,4,0.1632
"AC103","PIST","0_to_2","2019",2019-07-09,6,NA
"AC103","PIST","2_to_4","2014",2014-06-10,4,2.757983753
"AC103","PIST","2_to_4","2019",2019-07-09,4,NA
"AC103","PIST","4_to_6","2014",2014-06-10,0,0
"AC103","PIST","4_to_6","2019",2019-07-09,1,NA
"AC103","PIST","6_to_8","2014",2014-06-10,1,6.102671164
"AC103","PIST","6_to_8","2019",2019-07-09,1,NA
"AC103","QURU","0_to_2","2014",2014-06-10,1,0.0398
"AC103","QURU","0_to_2","2019",2019-07-09,1,NA
"AC103","QURU","2_to_4","2014",2014-06-10,0,0
"AC103","QURU","2_to_4","2019",2019-07-09,0,NA
"AC103","QURU","4_to_6","2014",2014-06-10,0,0
"AC103","QURU","4_to_6","2019",2019-07-09,0,NA
"AC103","QURU","6_to_8","2014",2014-06-10,0,0
"AC103","QURU","6_to_8","2019",2019-07-09,0,NA
"AC104","ACRU","0_to_2","2014",2014-06-11,4,0.12468
"AC104","ACRU","0_to_2","2019",2019-07-09,3,NA
"AC104","ACRU","2_to_4","2014",2014-06-11,7,4.616126354
"AC104","ACRU","2_to_4","2019",2019-07-09,4,NA
"AC104","ACRU","4_to_6","2014",2014-06-11,3,8.177051426
"AC104","ACRU","4_to_6","2019",2019-07-09,3,NA
"AC104","ACRU","6_to_8","2014",2014-06-11,1,6.94095386
"AC104","ACRU","6_to_8","2019",2019-07-09,0,NA
"AC104","FAGR","0_to_2","2014",2014-06-11,0,0
"AC104","FAGR","0_to_2","2019",2019-07-09,0,NA
"AC104","FAGR","2_to_4","2014",2014-06-11,1,2.392919529
"AC104","FAGR","2_to_4","2019",2019-07-09,1,NA
"AC104","FAGR","4_to_6","2014",2014-06-11,0,0
"AC104","FAGR","4_to_6","2019",2019-07-09,0,NA
"AC104","FAGR","6_to_8","2014",2014-06-11,0,0
"AC104","FAGR","6_to_8","2019",2019-07-09,0,NA
"AC104","PIRE","0_to_2","2014",2014-06-11,3,0.1578
"AC104","PIRE","0_to_2","2019",2019-07-09,17,NA
"AC104","PIRE","2_to_4","2014",2014-06-11,0,0
"AC104","PIRE","2_to_4","2019",2019-07-09,0,NA
"AC104","PIRE","4_to_6","2014",2014-06-11,1,3.065096704
"AC104","PIRE","4_to_6","2019",2019-07-09,1,NA
"AC104","PIRE","6_to_8","2014",2014-06-11,1,7.170251246
"AC104","PIRE","6_to_8","2019",2019-07-09,0,NA
"AC104","PIST","0_to_2","2014",2014-06-11,4,0.1632
"AC104","PIST","0_to_2","2019",2019-07-09,4,NA
"AC104","PIST","2_to_4","2014",2014-06-11,0,0
"AC104","PIST","2_to_4","2019",2019-07-09,2,NA
"AC104","PIST","4_to_6","2014",2014-06-11,3,7.701595836
"AC104","PIST","4_to_6","2019",2019-07-09,2,NA
"AC104","PIST","6_to_8","2014",2014-06-11,3,18.30801349
"AC104","PIST","6_to_8","2019",2019-07-09,3,NA
"AC104","POGR","0_to_2","2019",2019-07-09,3,NA
"AC104","POGR","2_to_4","2019",2019-07-09,2,NA
"AC104","POGR","4_to_6","2019",2019-07-09,1,NA
"AC104","POGR","6_to_8","2019",2019-07-09,0,NA
"AC104","QURU","0_to_2","2014",2014-06-11,8,0.3184
"AC104","QURU","0_to_2","2019",2019-07-09,7,NA
"AC104","QURU","2_to_4","2014",2014-06-11,3,2.51334678
"AC104","QURU","2_to_4","2019",2019-07-09,7,NA
"AC104","QURU","4_to_6","2014",2014-06-11,0,0
"AC104","QURU","4_to_6","2019",2019-07-09,1,NA
"AC104","QURU","6_to_8","2014",2014-06-11,1,8.783709746
"AC104","QURU","6_to_8","2019",2019-07-09,0,NA
"AC107","ABBA","0_to_2","2014",2014-06-12,1,0.0752
"AC107","ABBA","0_to_2","2019",2019-07-17,0,NA
"AC107","ABBA","2_to_4","2014",2014-06-12,0,0
"AC107","ABBA","2_to_4","2019",2019-07-17,1,NA
"AC107","ABBA","4_to_6","2014",2014-06-12,0,0
"AC107","ABBA","4_to_6","2019",2019-07-17,0,NA
"AC107","ABBA","6_to_8","2014",2014-06-12,0,0
"AC107","ABBA","6_to_8","2019",2019-07-17,0,NA
"AC107","ACRU","0_to_2","2014",2014-06-12,1,0.03117
"AC107","ACRU","0_to_2","2019",2019-07-17,0,NA
"AC107","ACRU","2_to_4","2014",2014-06-12,3,1.978339866
"AC107","ACRU","2_to_4","2019",2019-07-17,3,NA
"AC107","ACRU","4_to_6","2014",2014-06-12,0,0
"AC107","ACRU","4_to_6","2019",2019-07-17,1,NA
"AC107","ACRU","6_to_8","2014",2014-06-12,0,0
"AC107","ACRU","6_to_8","2019",2019-07-17,0,NA
"AC107","FAGR","0_to_2","2014",2014-06-12,9,1.7028
"AC107","FAGR","0_to_2","2019",2019-07-17,13,NA
"AC107","FAGR","2_to_4","2014",2014-06-12,1,2.392919529
"AC107","FAGR","2_to_4","2019",2019-07-17,2,NA
"AC107","FAGR","4_to_6","2014",2014-06-12,0,0
"AC107","FAGR","4_to_6","2019",2019-07-17,0,NA
"AC107","FAGR","6_to_8","2014",2014-06-12,0,0
"AC107","FAGR","6_to_8","2019",2019-07-17,0,NA
"AC107","Other","0_to_2","2014",2014-06-12,1,0.163
"AC107","Other","2_to_4","2014",2014-06-12,0,0
"AC107","Other","4_to_6","2014",2014-06-12,0,0
"AC107","Other","6_to_8","2014",2014-06-12,0,0
"AC107","PIRE","0_to_2","2014",2014-06-12,12,0.6312
"AC107","PIRE","0_to_2","2019",2019-07-17,13,NA
"AC107","PIRE","2_to_4","2014",2014-06-12,5,4.21763132
"AC107","PIRE","2_to_4","2019",2019-07-17,6,NA
"AC107","PIRE","4_to_6","2014",2014-06-12,0,0
"AC107","PIRE","4_to_6","2019",2019-07-17,1,NA
"AC107","PIRE","6_to_8","2014",2014-06-12,1,7.170251246
"AC107","PIRE","6_to_8","2019",2019-07-17,2,NA
"AC107","PIST","0_to_2","2014",2014-06-12,26,1.0608
"AC107","PIST","0_to_2","2019",2019-07-17,59,NA
"AC107","PIST","2_to_4","2014",2014-06-12,24,16.54790252
"AC107","PIST","2_to_4","2019",2019-07-17,26,NA
"AC107","PIST","4_to_6","2014",2014-06-12,25,64.179965294
"AC107","PIST","4_to_6","2019",2019-07-17,30,NA
"AC107","PIST","6_to_8","2014",2014-06-12,18,109.8480809
"AC107","PIST","6_to_8","2019",2019-07-17,26,NA
"AC107","QURU","0_to_2","2014",2014-06-12,12,0.4776
"AC107","QURU","0_to_2","2019",2019-07-17,15,NA
"AC107","QURU","2_to_4","2014",2014-06-12,25,20.9445565
"AC107","QURU","2_to_4","2019",2019-07-17,23,NA
"AC107","QURU","4_to_6","2014",2014-06-12,7,24.18268518
"AC107","QURU","4_to_6","2019",2019-07-17,12,NA
"AC107","QURU","6_to_8","2014",2014-06-12,8,70.26967797
"AC107","QURU","6_to_8","2019",2019-07-17,11,NA
"BF7","ACRU","0_to_2","2019",2019-07-15,10,NA
"BF7","ACRU","0_to_2","2014",NA,10,0.3117
"BF7","ACRU","2_to_4","2019",2019-07-15,5,NA
"BF7","ACRU","2_to_4","2014",NA,9,5.935019597
"BF7","ACRU","4_to_6","2019",2019-07-15,10,NA
"BF7","ACRU","4_to_6","2014",NA,14,38.159573319
"BF7","ACRU","6_to_8","2019",2019-07-15,13,NA
"BF7","ACRU","6_to_8","2014",NA,14,97.17335404
"BF7","FAGR","0_to_2","2019",2019-07-15,3,NA
"BF7","FAGR","0_to_2","2014",NA,4,0.7568
"BF7","FAGR","2_to_4","2019",2019-07-15,0,NA
"BF7","FAGR","2_to_4","2014",NA,0,0
"BF7","FAGR","4_to_6","2019",2019-07-15,0,NA
"BF7","FAGR","4_to_6","2014",NA,0,0
"BF7","FAGR","6_to_8","2019",2019-07-15,0,NA
"BF7","FAGR","6_to_8","2014",NA,0,0
"BF7","PIRE","0_to_2","2019",2019-07-15,10,NA
"BF7","PIRE","0_to_2","2014",NA,7,0.3682
"BF7","PIRE","2_to_4","2019",2019-07-15,6,NA
"BF7","PIRE","2_to_4","2014",NA,4,3.374105056
"BF7","PIRE","4_to_6","2019",2019-07-15,0,NA
"BF7","PIRE","4_to_6","2014",NA,0,0
"BF7","PIRE","6_to_8","2019",2019-07-15,1,NA
"BF7","PIRE","6_to_8","2014",NA,1,7.170251246
"BF7","PIST","0_to_2","2019",2019-07-15,129,NA
"BF7","PIST","0_to_2","2014",NA,131,5.3448
"BF7","PIST","2_to_4","2019",2019-07-15,41,NA
"BF7","PIST","2_to_4","2014",NA,21,14.4794147
"BF7","PIST","4_to_6","2019",2019-07-15,8,NA
"BF7","PIST","4_to_6","2014",NA,5,12.83599306
"BF7","PIST","6_to_8","2019",2019-07-15,7,NA
"BF7","PIST","6_to_8","2014",NA,5,30.51335582
"BF7","QURU","0_to_2","2019",2019-07-15,0,NA
"BF7","QURU","0_to_2","2014",NA,0,0
"BF7","QURU","2_to_4","2019",2019-07-15,0,NA
"BF7","QURU","2_to_4","2014",NA,1,0.83778226
"BF7","QURU","4_to_6","2019",2019-07-15,1,NA
"BF7","QURU","4_to_6","2014",NA,4,13.81867725
"BF7","QURU","6_to_8","2019",2019-07-15,0,NA
"BF7","QURU","6_to_8","2014",NA,1,8.783709746
"BF8","ABBA","0_to_2","2014",2014-06-19,0,0
"BF8","ABBA","0_to_2","2019",2019-07-15,0,NA
"BF8","ABBA","0_to_2","2014",NA,0,0
"BF8","ABBA","2_to_4","2014",2014-06-19,1,1.168394795
"BF8","ABBA","2_to_4","2019",2019-07-15,1,NA
"BF8","ABBA","2_to_4","2014",NA,1,1.168394795
"BF8","ABBA","4_to_6","2014",2014-06-19,0,0
"BF8","ABBA","4_to_6","2019",2019-07-15,0,NA
"BF8","ABBA","4_to_6","2014",NA,0,0
"BF8","ABBA","6_to_8","2014",2014-06-19,0,0
"BF8","ABBA","6_to_8","2019",2019-07-15,0,NA
"BF8","ABBA","6_to_8","2014",NA,0,0
"BF8","ACRU","0_to_2","2014",2014-06-19,24,0.74808
"BF8","ACRU","0_to_2","2019",2019-07-15,14,NA
"BF8","ACRU","0_to_2","2014",NA,24,0.74808
"BF8","ACRU","2_to_4","2014",2014-06-19,15,9.891699329
"BF8","ACRU","2_to_4","2019",2019-07-15,14,NA
"BF8","ACRU","2_to_4","2014",NA,15,9.891699329
"BF8","ACRU","4_to_6","2014",2014-06-19,21,57.23935997
"BF8","ACRU","4_to_6","2019",2019-07-15,14,NA
"BF8","ACRU","4_to_6","2014",NA,21,57.23935997
"BF8","ACRU","6_to_8","2014",2014-06-19,23,159.6419388
"BF8","ACRU","6_to_8","2019",2019-07-15,28,NA
"BF8","ACRU","6_to_8","2014",NA,23,159.6419388
"BF8","AMSP","0_to_2","2014",2014-06-19,2,0.326
"BF8","AMSP","0_to_2","2014",NA,3,0.489
"BF8","AMSP","2_to_4","2014",2014-06-19,0,0
"BF8","AMSP","2_to_4","2014",NA,0,0
"BF8","AMSP","4_to_6","2014",2014-06-19,0,0
"BF8","AMSP","4_to_6","2014",NA,0,0
"BF8","AMSP","6_to_8","2014",2014-06-19,0,0
"BF8","AMSP","6_to_8","2014",NA,0,0
"BF8","FAGR","0_to_2","2014",2014-06-19,4,0.7568
"BF8","FAGR","0_to_2","2019",2019-07-15,7,NA
"BF8","FAGR","0_to_2","2014",NA,4,0.7568
"BF8","FAGR","2_to_4","2014",2014-06-19,2,4.785839058
"BF8","FAGR","2_to_4","2019",2019-07-15,1,NA
"BF8","FAGR","2_to_4","2014",NA,2,4.785839058
"BF8","FAGR","4_to_6","2014",2014-06-19,0,0
"BF8","FAGR","4_to_6","2019",2019-07-15,2,NA
"BF8","FAGR","4_to_6","2014",NA,0,0
"BF8","FAGR","6_to_8","2014",2014-06-19,0,0
"BF8","FAGR","6_to_8","2019",2019-07-15,1,NA
"BF8","FAGR","6_to_8","2014",NA,0,0
"BF8","Other","0_to_2","2014",2014-06-19,1,0.163
"BF8","Other","2_to_4","2014",2014-06-19,0,0
"BF8","Other","4_to_6","2014",2014-06-19,0,0
"BF8","Other","6_to_8","2014",2014-06-19,0,0
"BF8","PIRE","0_to_2","2019",2019-07-15,2,NA
"BF8","PIRE","2_to_4","2019",2019-07-15,0,NA
"BF8","PIRE","4_to_6","2019",2019-07-15,0,NA
"BF8","PIRE","6_to_8","2019",2019-07-15,0,NA
"BF8","PIST","0_to_2","2014",2014-06-19,18,0.7344
"BF8","PIST","0_to_2","2019",2019-07-15,28,NA
"BF8","PIST","0_to_2","2014",NA,18,0.7344
"BF8","PIST","2_to_4","2014",2014-06-19,11,7.58445532
"BF8","PIST","2_to_4","2019",2019-07-15,12,NA
"BF8","PIST","2_to_4","2014",NA,11,7.58445532
"BF8","PIST","4_to_6","2014",2014-06-19,3,7.701595836
"BF8","PIST","4_to_6","2019",2019-07-15,4,NA
"BF8","PIST","4_to_6","2014",NA,3,7.701595836
"BF8","PIST","6_to_8","2014",2014-06-19,1,6.102671164
"BF8","PIST","6_to_8","2019",2019-07-15,3,NA
"BF8","PIST","6_to_8","2014",NA,1,6.102671164
"BF8","QURU","0_to_2","2014",2014-06-19,0,0
"BF8","QURU","0_to_2","2019",2019-07-15,2,NA
"BF8","QURU","0_to_2","2014",NA,0,0
"BF8","QURU","2_to_4","2014",2014-06-19,3,2.51334678
"BF8","QURU","2_to_4","2019",2019-07-15,2,NA
"BF8","QURU","2_to_4","2014",NA,3,2.51334678
"BF8","QURU","4_to_6","2014",2014-06-19,0,0
"BF8","QURU","4_to_6","2019",2019-07-15,0,NA
"BF8","QURU","4_to_6","2014",NA,0,0
"BF8","QURU","6_to_8","2014",2014-06-19,5,43.918548726
"BF8","QURU","6_to_8","2019",2019-07-15,2,NA
"BF8","QURU","6_to_8","2014",NA,5,43.918548726
"BP17#1","ACRU","0_to_2","2019",2019-07-22,0,NA
"BP17#1","ACRU","2_to_4","2019",2019-07-22,0,NA
"BP17#1","ACRU","4_to_6","2019",2019-07-22,0,NA
"BP17#1","ACRU","6_to_8","2019",2019-07-22,1,NA
"BP17#1","AMSP","0_to_2","2019",2019-07-22,1,NA
"BP17#1","AMSP","2_to_4","2019",2019-07-22,0,NA
"BP17#1","AMSP","4_to_6","2019",2019-07-22,0,NA
"BP17#1","AMSP","6_to_8","2019",2019-07-22,0,NA
"BP17#1","FAGR","0_to_2","2019",2019-07-22,4,NA
"BP17#1","FAGR","2_to_4","2019",2019-07-22,0,NA
"BP17#1","FAGR","4_to_6","2019",2019-07-22,0,NA
"BP17#1","FAGR","6_to_8","2019",2019-07-22,0,NA
"BP17#1","PIRE","0_to_2","2019",2019-07-22,1,NA
"BP17#1","PIRE","2_to_4","2019",2019-07-22,1,NA
"BP17#1","PIRE","4_to_6","2019",2019-07-22,1,NA
"BP17#1","PIRE","6_to_8","2019",2019-07-22,1,NA
"BP17#1","PIST","0_to_2","2019",2019-07-22,25,NA
"BP17#1","PIST","2_to_4","2019",2019-07-22,10,NA
"BP17#1","PIST","4_to_6","2019",2019-07-22,7,NA
"BP17#1","PIST","6_to_8","2019",2019-07-22,2,NA
"BP17#1","QURU","0_to_2","2019",2019-07-22,1,NA
"BP17#1","QURU","2_to_4","2019",2019-07-22,0,NA
"BP17#1","QURU","4_to_6","2019",2019-07-22,0,NA
"BP17#1","QURU","6_to_8","2019",2019-07-22,0,NA
"BP17#2","ACRU","0_to_2","2019",2019-07-22,14,NA
"BP17#2","ACRU","2_to_4","2019",2019-07-22,0,NA
"BP17#2","ACRU","4_to_6","2019",2019-07-22,0,NA
"BP17#2","ACRU","6_to_8","2019",2019-07-22,0,NA
"BP17#2","FAGR","0_to_2","2019",2019-07-22,0,NA
"BP17#2","FAGR","2_to_4","2019",2019-07-22,4,NA
"BP17#2","FAGR","4_to_6","2019",2019-07-22,1,NA
"BP17#2","FAGR","6_to_8","2019",2019-07-22,0,NA
"BP17#2","PIBA","0_to_2","2019",2019-07-22,1,NA
"BP17#2","PIBA","2_to_4","2019",2019-07-22,0,NA
"BP17#2","PIBA","4_to_6","2019",2019-07-22,0,NA
"BP17#2","PIBA","6_to_8","2019",2019-07-22,0,NA
"BP17#2","PIRE","0_to_2","2019",2019-07-22,4,NA
"BP17#2","PIRE","2_to_4","2019",2019-07-22,1,NA
"BP17#2","PIRE","4_to_6","2019",2019-07-22,0,NA
"BP17#2","PIRE","6_to_8","2019",2019-07-22,0,NA
"BP17#2","PIST","0_to_2","2019",2019-07-22,31,NA
"BP17#2","PIST","2_to_4","2019",2019-07-22,15,NA
"BP17#2","PIST","4_to_6","2019",2019-07-22,2,NA
"BP17#2","PIST","6_to_8","2019",2019-07-22,4,NA
"BP17#3","PIRE","0_to_2","2019",2019-07-22,15,NA
"BP17#3","PIRE","2_to_4","2019",2019-07-22,0,NA
"BP17#3","PIRE","4_to_6","2019",2019-07-22,0,NA
"BP17#3","PIRE","6_to_8","2019",2019-07-22,0,NA
"BP17#3","PIST","0_to_2","2019",2019-07-22,55,NA
"BP17#3","PIST","2_to_4","2019",2019-07-22,20,NA
"BP17#3","PIST","4_to_6","2019",2019-07-22,5,NA
"BP17#3","PIST","6_to_8","2019",2019-07-22,0,NA
"BP36#1","ACRU","0_to_2","2014",2014-07-31,4,0.12468
"BP36#1","ACRU","0_to_2","2019",2019-07-16,2,NA
"BP36#1","ACRU","2_to_4","2014",2014-07-31,4,2.637786488
"BP36#1","ACRU","2_to_4","2019",2019-07-16,2,NA
"BP36#1","ACRU","4_to_6","2014",2014-07-31,4,10.90273523
"BP36#1","ACRU","4_to_6","2019",2019-07-16,2,NA
"BP36#1","ACRU","6_to_8","2014",2014-07-31,3,20.82286158
"BP36#1","ACRU","6_to_8","2019",2019-07-16,3,NA
"BP36#1","AMSP","0_to_2","2014",2014-07-31,0,0
"BP36#1","AMSP","0_to_2","2019",2019-07-16,0,NA
"BP36#1","AMSP","2_to_4","2014",2014-07-31,3,7.572674128
"BP36#1","AMSP","2_to_4","2019",2019-07-16,2,NA
"BP36#1","AMSP","4_to_6","2014",2014-07-31,1,9.024409525
"BP36#1","AMSP","4_to_6","2019",2019-07-16,0,NA
"BP36#1","AMSP","6_to_8","2014",2014-07-31,0,0
"BP36#1","AMSP","6_to_8","2019",2019-07-16,0,NA
"BP36#1","FAGR","0_to_2","2014",2014-07-31,4,0.7568
"BP36#1","FAGR","0_to_2","2019",2019-07-16,3,NA
"BP36#1","FAGR","2_to_4","2014",2014-07-31,0,0
"BP36#1","FAGR","2_to_4","2019",2019-07-16,1,NA
"BP36#1","FAGR","4_to_6","2014",2014-07-31,0,0
"BP36#1","FAGR","4_to_6","2019",2019-07-16,0,NA
"BP36#1","FAGR","6_to_8","2014",2014-07-31,0,0
"BP36#1","FAGR","6_to_8","2019",2019-07-16,0,NA
"BP36#1","PIRE","0_to_2","2014",2014-07-31,4,0.2104
"BP36#1","PIRE","0_to_2","2019",2019-07-16,8,NA
"BP36#1","PIRE","2_to_4","2014",2014-07-31,2,1.687052528
"BP36#1","PIRE","2_to_4","2019",2019-07-16,1,NA
"BP36#1","PIRE","4_to_6","2014",2014-07-31,0,0
"BP36#1","PIRE","4_to_6","2019",2019-07-16,0,NA
"BP36#1","PIRE","6_to_8","2014",2014-07-31,0,0
"BP36#1","PIRE","6_to_8","2019",2019-07-16,0,NA
"BP36#1","PIST","0_to_2","2014",2014-07-31,57,2.3256
"BP36#1","PIST","0_to_2","2019",2019-07-16,60,NA
"BP36#1","PIST","2_to_4","2014",2014-07-31,21,14.479414703
"BP36#1","PIST","2_to_4","2019",2019-07-16,34,NA
"BP36#1","PIST","4_to_6","2014",2014-07-31,15,38.507979174
"BP36#1","PIST","4_to_6","2019",2019-07-16,18,NA
"BP36#1","PIST","6_to_8","2014",2014-07-31,12,73.23205396
"BP36#1","PIST","6_to_8","2019",2019-07-16,11,NA
"BP36#1","POGR","0_to_2","2014",2014-07-31,1,0.1387
"BP36#1","POGR","0_to_2","2019",2019-07-16,0,NA
"BP36#1","POGR","2_to_4","2014",2014-07-31,1,1.833225904
"BP36#1","POGR","2_to_4","2019",2019-07-16,0,NA
"BP36#1","POGR","4_to_6","2014",2014-07-31,0,0
"BP36#1","POGR","4_to_6","2019",2019-07-16,1,NA
"BP36#1","POGR","6_to_8","2014",2014-07-31,1,13.42418212
"BP36#1","POGR","6_to_8","2019",2019-07-16,1,NA
"BP36#1","QURU","0_to_2","2014",2014-07-31,43,1.7114
"BP36#1","QURU","0_to_2","2019",2019-07-16,29,NA
"BP36#1","QURU","2_to_4","2014",2014-07-31,15,12.5667339
"BP36#1","QURU","2_to_4","2019",2019-07-16,22,NA
"BP36#1","QURU","4_to_6","2014",2014-07-31,5,17.27334656
"BP36#1","QURU","4_to_6","2019",2019-07-16,5,NA
"BP36#1","QURU","6_to_8","2014",2014-07-31,0,0
"BP36#1","QURU","6_to_8","2019",2019-07-16,1,NA
"BP36#2","ACRU","0_to_2","2014",2014-07-31,2,0.06234
"BP36#2","ACRU","0_to_2","2019",2019-07-12,2,NA
"BP36#2","ACRU","2_to_4","2014",2014-07-31,9,5.935019597
"BP36#2","ACRU","2_to_4","2019",2019-07-12,9,NA
"BP36#2","ACRU","4_to_6","2014",2014-07-31,8,21.80547047
"BP36#2","ACRU","4_to_6","2019",2019-07-12,7,NA
"BP36#2","ACRU","6_to_8","2014",2014-07-31,5,34.7047693
"BP36#2","ACRU","6_to_8","2019",2019-07-12,4,NA
"BP36#2","BEPA","0_to_2","2014",2014-07-31,0,0
"BP36#2","BEPA","2_to_4","2014",2014-07-31,0,0
"BP36#2","BEPA","4_to_6","2014",2014-07-31,1,2.902235479
"BP36#2","BEPA","6_to_8","2014",2014-07-31,0,0
"BP36#2","FAGR","0_to_2","2014",2014-07-31,4,0.7568
"BP36#2","FAGR","0_to_2","2019",2019-07-12,1,NA
"BP36#2","FAGR","2_to_4","2014",2014-07-31,0,0
"BP36#2","FAGR","2_to_4","2019",2019-07-12,0,NA
"BP36#2","FAGR","4_to_6","2014",2014-07-31,0,0
"BP36#2","FAGR","4_to_6","2019",2019-07-12,0,NA
"BP36#2","FAGR","6_to_8","2014",2014-07-31,0,0
"BP36#2","FAGR","6_to_8","2019",2019-07-12,0,NA
"BP36#2","PIRE","0_to_2","2014",2014-07-31,2,0.1052
"BP36#2","PIRE","0_to_2","2019",2019-07-12,2,NA
"BP36#2","PIRE","2_to_4","2014",2014-07-31,0,0
"BP36#2","PIRE","2_to_4","2019",2019-07-12,1,NA
"BP36#2","PIRE","4_to_6","2014",2014-07-31,0,0
"BP36#2","PIRE","4_to_6","2019",2019-07-12,0,NA
"BP36#2","PIRE","6_to_8","2014",2014-07-31,0,0
"BP36#2","PIRE","6_to_8","2019",2019-07-12,0,NA
"BP36#2","PIST","0_to_2","2014",2014-07-31,63,2.5704
"BP36#2","PIST","0_to_2","2019",2019-07-12,95,NA
"BP36#2","PIST","2_to_4","2014",2014-07-31,23,15.858406581
"BP36#2","PIST","2_to_4","2019",2019-07-12,36,NA
"BP36#2","PIST","4_to_6","2014",2014-07-31,20,51.34397224
"BP36#2","PIST","4_to_6","2019",2019-07-12,16,NA
"BP36#2","PIST","6_to_8","2014",2014-07-31,11,67.129382804
"BP36#2","PIST","6_to_8","2019",2019-07-12,13,NA
"BP36#2","POGR","0_to_2","2014",2014-07-31,2,0.2774
"BP36#2","POGR","2_to_4","2014",2014-07-31,1,1.833225904
"BP36#2","POGR","4_to_6","2014",2014-07-31,1,6.08858225
"BP36#2","POGR","6_to_8","2014",2014-07-31,0,0
"BP36#2","QURU","0_to_2","2014",2014-07-31,10,0.398
"BP36#2","QURU","0_to_2","2019",2019-07-12,2,NA
"BP36#2","QURU","2_to_4","2014",2014-07-31,1,0.83778226
"BP36#2","QURU","2_to_4","2019",2019-07-12,3,NA
"BP36#2","QURU","4_to_6","2014",2014-07-31,0,0
"BP36#2","QURU","4_to_6","2019",2019-07-12,0,NA
"BP36#2","QURU","6_to_8","2014",2014-07-31,1,8.783709746
"BP36#2","QURU","6_to_8","2019",2019-07-12,2,NA
"BP54#1","ACRU","0_to_2","2019",2019-07-11,7,NA
"BP54#1","ACRU","0_to_2","2014",NA,6,0.18702
"BP54#1","ACRU","2_to_4","2019",2019-07-11,8,NA
"BP54#1","ACRU","2_to_4","2014",NA,10,6.59446622
"BP54#1","ACRU","4_to_6","2019",2019-07-11,11,NA
"BP54#1","ACRU","4_to_6","2014",NA,18,49.062308556
"BP54#1","ACRU","6_to_8","2019",2019-07-11,6,NA
"BP54#1","ACRU","6_to_8","2014",NA,5,34.7047693
"BP54#1","AMSP","0_to_2","2019",2019-07-11,1,NA
"BP54#1","AMSP","0_to_2","2014",NA,3,0.489
"BP54#1","AMSP","2_to_4","2019",2019-07-11,2,NA
"BP54#1","AMSP","2_to_4","2014",NA,11,27.76647181
"BP54#1","AMSP","4_to_6","2019",2019-07-11,0,NA
"BP54#1","AMSP","4_to_6","2014",NA,1,9.024409525
"BP54#1","AMSP","6_to_8","2019",2019-07-11,0,NA
"BP54#1","AMSP","6_to_8","2014",NA,0,0
"BP54#1","FAGR","0_to_2","2019",2019-07-11,1,NA
"BP54#1","FAGR","2_to_4","2019",2019-07-11,0,NA
"BP54#1","FAGR","4_to_6","2019",2019-07-11,0,NA
"BP54#1","FAGR","6_to_8","2019",2019-07-11,0,NA
"BP54#1","PIRE","0_to_2","2019",2019-07-11,11,NA
"BP54#1","PIRE","0_to_2","2014",NA,12,0.6312
"BP54#1","PIRE","2_to_4","2019",2019-07-11,9,NA
"BP54#1","PIRE","2_to_4","2014",NA,5,4.21763132
"BP54#1","PIRE","4_to_6","2019",2019-07-11,1,NA
"BP54#1","PIRE","4_to_6","2014",NA,0,0
"BP54#1","PIRE","6_to_8","2019",2019-07-11,0,NA
"BP54#1","PIRE","6_to_8","2014",NA,0,0
"BP54#1","PIST","0_to_2","2019",2019-07-11,44,NA
"BP54#1","PIST","0_to_2","2014",NA,55,2.244
"BP54#1","PIST","2_to_4","2019",2019-07-11,31,NA
"BP54#1","PIST","2_to_4","2014",NA,25,17.23739846
"BP54#1","PIST","4_to_6","2019",2019-07-11,17,NA
"BP54#1","PIST","4_to_6","2014",NA,11,28.23918473
"BP54#1","PIST","6_to_8","2019",2019-07-11,10,NA
"BP54#1","PIST","6_to_8","2014",NA,11,67.1293828
"BP54#1","POGR","0_to_2","2019",2019-07-11,0,NA
"BP54#1","POGR","0_to_2","2014",NA,0,0
"BP54#1","POGR","2_to_4","2019",2019-07-11,0,NA
"BP54#1","POGR","2_to_4","2014",NA,2,3.666451809
"BP54#1","POGR","4_to_6","2019",2019-07-11,4,NA
"BP54#1","POGR","4_to_6","2014",NA,7,42.62007575
"BP54#1","POGR","6_to_8","2019",2019-07-11,8,NA
"BP54#1","POGR","6_to_8","2014",NA,14,187.93854969
"BP54#1","QURU","0_to_2","2019",2019-07-11,0,NA
"BP54#1","QURU","0_to_2","2014",NA,1,0.0398
"BP54#1","QURU","2_to_4","2019",2019-07-11,0,NA
"BP54#1","QURU","2_to_4","2014",NA,1,0.83778226
"BP54#1","QURU","4_to_6","2019",2019-07-11,1,NA
"BP54#1","QURU","4_to_6","2014",NA,3,10.36400793
"BP54#1","QURU","6_to_8","2019",2019-07-11,2,NA
"BP54#1","QURU","6_to_8","2014",NA,3,26.351129236
"BP54#2","ACRU","0_to_2","2019",2019-07-11,12,NA
"BP54#2","ACRU","0_to_2","2014",NA,20,0.6234
"BP54#2","ACRU","2_to_4","2019",2019-07-11,24,NA
"BP54#2","ACRU","2_to_4","2014",NA,23,15.167272308
"BP54#2","ACRU","4_to_6","2019",2019-07-11,11,NA
"BP54#2","ACRU","4_to_6","2014",NA,15,40.885257127
"BP54#2","ACRU","6_to_8","2019",2019-07-11,15,NA
"BP54#2","ACRU","6_to_8","2014",NA,12,83.29144632
"BP54#2","ACSA","0_to_2","2019",2019-07-11,0,NA
"BP54#2","ACSA","0_to_2","2014",NA,2,0.3386
"BP54#2","ACSA","2_to_4","2019",2019-07-11,1,NA
"BP54#2","ACSA","2_to_4","2014",NA,0,0
"BP54#2","ACSA","4_to_6","2019",2019-07-11,1,NA
"BP54#2","ACSA","4_to_6","2014",NA,0,0
"BP54#2","ACSA","6_to_8","2019",2019-07-11,0,NA
"BP54#2","ACSA","6_to_8","2014",NA,0,0
"BP54#2","AMSP","0_to_2","2014",NA,1,0.163
"BP54#2","AMSP","2_to_4","2014",NA,0,0
"BP54#2","AMSP","4_to_6","2014",NA,0,0
"BP54#2","AMSP","6_to_8","2014",NA,0,0
"BP54#2","BEPA","0_to_2","2019",2019-07-11,0,NA
"BP54#2","BEPA","0_to_2","2014",NA,0,0
"BP54#2","BEPA","2_to_4","2019",2019-07-11,0,NA
"BP54#2","BEPA","2_to_4","2014",NA,0,0
"BP54#2","BEPA","4_to_6","2019",2019-07-11,1,NA
"BP54#2","BEPA","4_to_6","2014",NA,1,2.902235479
"BP54#2","BEPA","6_to_8","2019",2019-07-11,0,NA
"BP54#2","BEPA","6_to_8","2014",NA,0,0
"BP54#2","COCO","0_to_2","2019",2019-07-11,0,NA
"BP54#2","COCO","2_to_4","2019",2019-07-11,1,NA
"BP54#2","COCO","4_to_6","2019",2019-07-11,0,NA
"BP54#2","COCO","6_to_8","2019",2019-07-11,0,NA
"BP54#2","FAGR","0_to_2","2014",NA,1,0.1892
"BP54#2","FAGR","2_to_4","2014",NA,0,0
"BP54#2","FAGR","4_to_6","2014",NA,0,0
"BP54#2","FAGR","6_to_8","2014",NA,0,0
"BP54#2","PIRE","0_to_2","2019",2019-07-11,13,NA
"BP54#2","PIRE","0_to_2","2014",NA,9,0.4734
"BP54#2","PIRE","2_to_4","2019",2019-07-11,3,NA
"BP54#2","PIRE","2_to_4","2014",NA,2,1.687052528
"BP54#2","PIRE","4_to_6","2019",2019-07-11,0,NA
"BP54#2","PIRE","4_to_6","2014",NA,0,0
"BP54#2","PIRE","6_to_8","2019",2019-07-11,0,NA
"BP54#2","PIRE","6_to_8","2014",NA,0,0
"BP54#2","PIST","0_to_2","2019",2019-07-11,29,NA
"BP54#2","PIST","0_to_2","2014",NA,40,1.632
"BP54#2","PIST","2_to_4","2019",2019-07-11,40,NA
"BP54#2","PIST","2_to_4","2014",NA,34,23.4428619
"BP54#2","PIST","4_to_6","2019",2019-07-11,18,NA
"BP54#2","PIST","4_to_6","2014",NA,8,20.53758889
"BP54#2","PIST","6_to_8","2019",2019-07-11,8,NA
"BP54#2","PIST","6_to_8","2014",NA,4,24.410684654
"BP54#2","POGR","0_to_2","2019",2019-07-11,0,NA
"BP54#2","POGR","0_to_2","2014",NA,0,0
"BP54#2","POGR","2_to_4","2019",2019-07-11,1,NA
"BP54#2","POGR","2_to_4","2014",NA,0,0
"BP54#2","POGR","4_to_6","2019",2019-07-11,0,NA
"BP54#2","POGR","4_to_6","2014",NA,2,12.1771645
"BP54#2","POGR","6_to_8","2019",2019-07-11,4,NA
"BP54#2","POGR","6_to_8","2014",NA,7,93.96927486
"BP54#2","QURU","0_to_2","2019",2019-07-11,1,NA
"BP54#2","QURU","0_to_2","2014",NA,3,0.1194
"BP54#2","QURU","2_to_4","2019",2019-07-11,1,NA
"BP54#2","QURU","2_to_4","2014",NA,3,2.51334678
"BP54#2","QURU","4_to_6","2019",2019-07-11,0,NA
"BP54#2","QURU","4_to_6","2014",NA,3,10.36400793
"BP54#2","QURU","6_to_8","2019",2019-07-11,0,NA
"BP54#2","QURU","6_to_8","2014",NA,0,0
"BP80#1","ACRU","0_to_2","2014",2014-07-31,49,1.52733
"BP80#1","ACRU","0_to_2","2019",2019-07-23,21,NA
"BP80#1","ACRU","2_to_4","2014",2014-07-31,51,33.63177772
"BP80#1","ACRU","2_to_4","2019",2019-07-23,48,NA
"BP80#1","ACRU","4_to_6","2014",2014-07-31,24,65.416411409
"BP80#1","ACRU","4_to_6","2019",2019-07-23,25,NA
"BP80#1","ACRU","6_to_8","2014",2014-07-31,15,104.1143079
"BP80#1","ACRU","6_to_8","2019",2019-07-23,16,NA
"BP80#1","PIRE","0_to_2","2014",2014-07-31,17,0.8942
"BP80#1","PIRE","0_to_2","2019",2019-07-23,18,NA
"BP80#1","PIRE","2_to_4","2014",2014-07-31,6,5.061157584
"BP80#1","PIRE","2_to_4","2019",2019-07-23,13,NA
"BP80#1","PIRE","4_to_6","2014",2014-07-31,1,3.065096704
"BP80#1","PIRE","4_to_6","2019",2019-07-23,3,NA
"BP80#1","PIRE","6_to_8","2014",2014-07-31,0,0
"BP80#1","PIRE","6_to_8","2019",2019-07-23,1,NA
"BP80#1","PIST","0_to_2","2014",2014-07-31,25,1.02
"BP80#1","PIST","0_to_2","2019",2019-07-23,18,NA
"BP80#1","PIST","2_to_4","2014",2014-07-31,23,15.858406578
"BP80#1","PIST","2_to_4","2019",2019-07-23,14,NA
"BP80#1","PIST","4_to_6","2014",2014-07-31,7,17.970390282
"BP80#1","PIST","4_to_6","2019",2019-07-23,14,NA
"BP80#1","PIST","6_to_8","2014",2014-07-31,0,0
"BP80#1","PIST","6_to_8","2019",2019-07-23,4,NA
"BP80#1","POGR","0_to_2","2014",2014-07-31,11,1.5257
"BP80#1","POGR","0_to_2","2019",2019-07-23,4,NA
"BP80#1","POGR","2_to_4","2014",2014-07-31,41,75.16226208
"BP80#1","POGR","2_to_4","2019",2019-07-23,13,NA
"BP80#1","POGR","4_to_6","2014",2014-07-31,68,414.023593
"BP80#1","POGR","4_to_6","2019",2019-07-23,39,NA
"BP80#1","POGR","6_to_8","2014",2014-07-31,58,778.60256314
"BP80#1","POGR","6_to_8","2019",2019-07-23,42,NA
"BP80#1","QURU","0_to_2","2014",2014-07-31,0,0
"BP80#1","QURU","0_to_2","2019",2019-07-23,0,NA
"BP80#1","QURU","2_to_4","2014",2014-07-31,3,2.51334678
"BP80#1","QURU","2_to_4","2019",2019-07-23,4,NA
"BP80#1","QURU","4_to_6","2014",2014-07-31,8,27.637354493
"BP80#1","QURU","4_to_6","2019",2019-07-23,3,NA
"BP80#1","QURU","6_to_8","2014",2014-07-31,3,26.35112924
"BP80#1","QURU","6_to_8","2019",2019-07-23,2,NA
"BP80#2","ACRU","0_to_2","2014",2014-07-17,42,1.30914
"BP80#2","ACRU","0_to_2","2019",2019-07-22,31,NA
"BP80#2","ACRU","2_to_4","2014",2014-07-17,68,44.84237029
"BP80#2","ACRU","2_to_4","2019",2019-07-22,51,NA
"BP80#2","ACRU","4_to_6","2014",2014-07-17,31,84.496198069
"BP80#2","ACRU","4_to_6","2019",2019-07-22,26,NA
"BP80#2","ACRU","6_to_8","2014",2014-07-17,15,104.1143079
"BP80#2","ACRU","6_to_8","2019",2019-07-22,11,NA
"BP80#2","BEPA","0_to_2","2014",2014-07-17,1,0.0301
"BP80#2","BEPA","0_to_2","2019",2019-07-22,2,NA
"BP80#2","BEPA","2_to_4","2014",2014-07-17,1,0.680723277
"BP80#2","BEPA","2_to_4","2019",2019-07-22,0,NA
"BP80#2","BEPA","4_to_6","2014",2014-07-17,3,8.706706436
"BP80#2","BEPA","4_to_6","2019",2019-07-22,2,NA
"BP80#2","BEPA","6_to_8","2014",2014-07-17,1,7.543038108
"BP80#2","BEPA","6_to_8","2019",2019-07-22,2,NA
"BP80#2","PIRE","0_to_2","2014",2014-07-17,16,0.8416
"BP80#2","PIRE","0_to_2","2019",2019-07-22,25,NA
"BP80#2","PIRE","2_to_4","2014",2014-07-17,4,3.374105056
"BP80#2","PIRE","2_to_4","2019",2019-07-22,7,NA
"BP80#2","PIRE","4_to_6","2014",2014-07-17,2,6.130193408
"BP80#2","PIRE","4_to_6","2019",2019-07-22,6,NA
"BP80#2","PIRE","6_to_8","2014",2014-07-17,0,0
"BP80#2","PIRE","6_to_8","2019",2019-07-22,0,NA
"BP80#2","PIST","0_to_2","2014",2014-07-17,22,0.8976
"BP80#2","PIST","0_to_2","2019",2019-07-22,30,NA
"BP80#2","PIST","2_to_4","2014",2014-07-17,18,12.41092689
"BP80#2","PIST","2_to_4","2019",2019-07-22,24,NA
"BP80#2","PIST","4_to_6","2014",2014-07-17,23,59.04556807
"BP80#2","PIST","4_to_6","2019",2019-07-22,17,NA
"BP80#2","PIST","6_to_8","2014",2014-07-17,13,79.33472513
"BP80#2","PIST","6_to_8","2019",2019-07-22,13,NA
"BP80#2","POGR","0_to_2","2014",2014-07-17,9,1.2483
"BP80#2","POGR","0_to_2","2019",2019-07-22,3,NA
"BP80#2","POGR","2_to_4","2014",2014-07-17,30,54.99677713
"BP80#2","POGR","2_to_4","2019",2019-07-22,6,NA
"BP80#2","POGR","4_to_6","2014",2014-07-17,49,298.34053025
"BP80#2","POGR","4_to_6","2019",2019-07-22,32,NA
"BP80#2","POGR","6_to_8","2014",2014-07-17,69,926.2685665
"BP80#2","POGR","6_to_8","2019",2019-07-22,53,NA
"BP80#2","QURU","0_to_2","2014",2014-07-17,0,0
"BP80#2","QURU","0_to_2","2019",2019-07-22,1,NA
"BP80#2","QURU","2_to_4","2014",2014-07-17,0,0
"BP80#2","QURU","2_to_4","2019",2019-07-22,6,NA
"BP80#2","QURU","4_to_6","2014",2014-07-17,6,20.72801587
"BP80#2","QURU","4_to_6","2019",2019-07-22,3,NA
"BP80#2","QURU","6_to_8","2014",2014-07-17,0,0
"BP80#2","QURU","6_to_8","2019",2019-07-22,3,NA
"BP80#3","ACRU","0_to_2","2014",2014-07-31,96,2.99232
"BP80#3","ACRU","0_to_2","2019",2019-07-17,70,NA
"BP80#3","ACRU","2_to_4","2014",2014-07-31,73,48.1396034
"BP80#3","ACRU","2_to_4","2019",2019-07-17,69,NA
"BP80#3","ACRU","4_to_6","2014",2014-07-31,45,122.6557714
"BP80#3","ACRU","4_to_6","2019",2019-07-17,45,NA
"BP80#3","ACRU","6_to_8","2014",2014-07-31,31,215.1695697
"BP80#3","ACRU","6_to_8","2019",2019-07-17,31,NA
"BP80#3","AMSP","0_to_2","2014",2014-07-31,0,0
"BP80#3","AMSP","2_to_4","2014",2014-07-31,2,5.048449419
"BP80#3","AMSP","4_to_6","2014",2014-07-31,0,0
"BP80#3","AMSP","6_to_8","2014",2014-07-31,0,0
"BP80#3","PIRE","0_to_2","2014",2014-07-31,10,0.526
"BP80#3","PIRE","0_to_2","2019",2019-07-17,14,NA
"BP80#3","PIRE","2_to_4","2014",2014-07-31,3,2.530578792
"BP80#3","PIRE","2_to_4","2019",2019-07-17,9,NA
"BP80#3","PIRE","4_to_6","2014",2014-07-31,1,3.065096704
"BP80#3","PIRE","4_to_6","2019",2019-07-17,2,NA
"BP80#3","PIRE","6_to_8","2014",2014-07-31,0,0
"BP80#3","PIRE","6_to_8","2019",2019-07-17,3,NA
"BP80#3","PIST","0_to_2","2014",2014-07-31,34,1.3872
"BP80#3","PIST","0_to_2","2019",2019-07-17,21,NA
"BP80#3","PIST","2_to_4","2014",2014-07-31,51,35.164292849
"BP80#3","PIST","2_to_4","2019",2019-07-17,32,NA
"BP80#3","PIST","4_to_6","2014",2014-07-31,0,0
"BP80#3","PIST","4_to_6","2019",2019-07-17,35,NA
"BP80#3","PIST","6_to_8","2014",2014-07-31,2,12.20534233
"BP80#3","PIST","6_to_8","2019",2019-07-17,8,NA
"BP80#3","POGR","0_to_2","2014",2014-07-31,8,1.1096
"BP80#3","POGR","0_to_2","2019",2019-07-17,1,NA
"BP80#3","POGR","2_to_4","2014",2014-07-31,52,95.32774702
"BP80#3","POGR","2_to_4","2019",2019-07-17,21,NA
"BP80#3","POGR","4_to_6","2014",2014-07-31,77,468.8208333
"BP80#3","POGR","4_to_6","2019",2019-07-17,54,NA
"BP80#3","POGR","6_to_8","2014",2014-07-31,58,778.6025631
"BP80#3","POGR","6_to_8","2019",2019-07-17,56,NA
"BP80#3","QURU","0_to_2","2014",2014-07-31,1,0.0398
"BP80#3","QURU","0_to_2","2019",2019-07-17,0,NA
"BP80#3","QURU","2_to_4","2014",2014-07-31,5,4.1889113
"BP80#3","QURU","2_to_4","2019",2019-07-17,4,NA
"BP80#3","QURU","4_to_6","2014",2014-07-31,4,13.818677242
"BP80#3","QURU","4_to_6","2019",2019-07-17,2,NA
"BP80#3","QURU","6_to_8","2014",2014-07-31,2,17.56741949
"BP80#3","QURU","6_to_8","2019",2019-07-17,3,NA
"BP98#1","ACRU","0_to_2","2014",2014-07-30,32,0.99744
"BP98#1","ACRU","0_to_2","2019",2019-07-19,20,NA
"BP98#1","ACRU","2_to_4","2014",2014-07-30,23,15.167272302
"BP98#1","ACRU","2_to_4","2019",2019-07-19,25,NA
"BP98#1","ACRU","4_to_6","2014",2014-07-30,14,38.15957332
"BP98#1","ACRU","4_to_6","2019",2019-07-19,10,NA
"BP98#1","ACRU","6_to_8","2014",2014-07-30,7,48.58667702
"BP98#1","ACRU","6_to_8","2019",2019-07-19,11,NA
"BP98#1","PIST","0_to_2","2014",2014-07-30,1,0.0408
"BP98#1","PIST","0_to_2","2019",2019-07-19,12,NA
"BP98#1","PIST","2_to_4","2014",2014-07-30,0,0
"BP98#1","PIST","2_to_4","2019",2019-07-19,3,NA
"BP98#1","PIST","4_to_6","2014",2014-07-30,0,0
"BP98#1","PIST","4_to_6","2019",2019-07-19,0,NA
"BP98#1","PIST","6_to_8","2014",2014-07-30,0,0
"BP98#1","PIST","6_to_8","2019",2019-07-19,0,NA
"BP98#1","POGR","0_to_2","2014",2014-07-30,57,7.9059
"BP98#1","POGR","0_to_2","2019",2019-07-19,23,NA
"BP98#1","POGR","2_to_4","2014",2014-07-30,100,183.32259041
"BP98#1","POGR","2_to_4","2019",2019-07-19,68,NA
"BP98#1","POGR","4_to_6","2014",2014-07-30,106,645.38971855
"BP98#1","POGR","4_to_6","2019",2019-07-19,66,NA
"BP98#1","POGR","6_to_8","2014",2014-07-30,60,805.45092732
"BP98#1","POGR","6_to_8","2019",2019-07-19,69,NA
"BP98#1","QURU","0_to_2","2014",2014-07-30,0,0
"BP98#1","QURU","0_to_2","2019",2019-07-19,0,NA
"BP98#1","QURU","2_to_4","2014",2014-07-30,0,0
"BP98#1","QURU","2_to_4","2019",2019-07-19,0,NA
"BP98#1","QURU","4_to_6","2014",2014-07-30,1,3.454669312
"BP98#1","QURU","4_to_6","2019",2019-07-19,0,NA
"BP98#1","QURU","6_to_8","2014",2014-07-30,0,0
"BP98#1","QURU","6_to_8","2019",2019-07-19,1,NA
"BP98#2","ACRU","0_to_2","2014",2014-07-30,89,2.77413
"BP98#2","ACRU","0_to_2","2019",2019-07-19,80,NA
"BP98#2","ACRU","2_to_4","2014",2014-07-30,74,48.799050022
"BP98#2","ACRU","2_to_4","2019",2019-07-19,83,NA
"BP98#2","ACRU","4_to_6","2014",2014-07-30,27,73.59346283
"BP98#2","ACRU","4_to_6","2019",2019-07-19,30,NA
"BP98#2","ACRU","6_to_8","2014",2014-07-30,8,55.52763088
"BP98#2","ACRU","6_to_8","2019",2019-07-19,15,NA
"BP98#2","FAGR","0_to_2","2014",2014-07-30,8,1.5136
"BP98#2","FAGR","0_to_2","2019",2019-07-19,10,NA
"BP98#2","FAGR","2_to_4","2014",2014-07-30,0,0
"BP98#2","FAGR","2_to_4","2019",2019-07-19,0,NA
"BP98#2","FAGR","4_to_6","2014",2014-07-30,0,0
"BP98#2","FAGR","4_to_6","2019",2019-07-19,0,NA
"BP98#2","FAGR","6_to_8","2014",2014-07-30,0,0
"BP98#2","FAGR","6_to_8","2019",2019-07-19,0,NA
"BP98#2","PIRE","0_to_2","2014",2014-07-30,1,0.0526
"BP98#2","PIRE","0_to_2","2019",2019-07-19,2,NA
"BP98#2","PIRE","2_to_4","2014",2014-07-30,0,0
"BP98#2","PIRE","2_to_4","2019",2019-07-19,1,NA
"BP98#2","PIRE","4_to_6","2014",2014-07-30,0,0
"BP98#2","PIRE","4_to_6","2019",2019-07-19,0,NA
"BP98#2","PIRE","6_to_8","2014",2014-07-30,0,0
"BP98#2","PIRE","6_to_8","2019",2019-07-19,0,NA
"BP98#2","PIST","0_to_2","2014",2014-07-30,3,0.1224
"BP98#2","PIST","0_to_2","2019",2019-07-19,18,NA
"BP98#2","PIST","2_to_4","2014",2014-07-30,0,0
"BP98#2","PIST","2_to_4","2019",2019-07-19,3,NA
"BP98#2","PIST","4_to_6","2014",2014-07-30,0,0
"BP98#2","PIST","4_to_6","2019",2019-07-19,0,NA
"BP98#2","PIST","6_to_8","2014",2014-07-30,0,0
"BP98#2","PIST","6_to_8","2019",2019-07-19,0,NA
"BP98#2","POGR","0_to_2","2014",2014-07-30,318,44.1066
"BP98#2","POGR","0_to_2","2019",2019-07-19,138,NA
"BP98#2","POGR","2_to_4","2014",2014-07-30,359,658.1280997
"BP98#2","POGR","2_to_4","2019",2019-07-19,266,NA
"BP98#2","POGR","4_to_6","2014",2014-07-30,246,1497.7912335
"BP98#2","POGR","4_to_6","2019",2019-07-19,204,NA
"BP98#2","POGR","6_to_8","2014",2014-07-30,161,2161.293322
"BP98#2","POGR","6_to_8","2019",2019-07-19,138,NA
"BP98#2","POTR","0_to_2","2014",2014-07-30,1,0.0589
"BP98#2","POTR","0_to_2","2019",2019-07-19,1,NA
"BP98#2","POTR","2_to_4","2014",2014-07-30,7,7.361069981
"BP98#2","POTR","2_to_4","2019",2019-07-19,0,NA
"BP98#2","POTR","4_to_6","2014",2014-07-30,1,4.016641778
"BP98#2","POTR","4_to_6","2019",2019-07-19,0,NA
"BP98#2","POTR","6_to_8","2014",2014-07-30,1,9.710240864
"BP98#2","POTR","6_to_8","2019",2019-07-19,1,NA
"BP98#2","QURU","0_to_2","2014",2014-07-30,11,0.4378
"BP98#2","QURU","0_to_2","2019",2019-07-19,5,NA
"BP98#2","QURU","2_to_4","2014",2014-07-30,6,5.02669356
"BP98#2","QURU","2_to_4","2019",2019-07-19,6,NA
"BP98#2","QURU","4_to_6","2014",2014-07-30,4,13.81867725
"BP98#2","QURU","4_to_6","2019",2019-07-19,4,NA
"BP98#2","QURU","6_to_8","2014",2014-07-30,6,52.70225847
"BP98#2","QURU","6_to_8","2019",2019-07-19,4,NA
"BS40E","ABBA","0_to_2","2014",2014-07-28,1,0.0752
"BS40E","ABBA","0_to_2","2019",2019-08-16,0,NA
"BS40E","ABBA","2_to_4","2014",2014-07-28,0,0
"BS40E","ABBA","2_to_4","2019",2019-08-16,1,NA
"BS40E","ABBA","4_to_6","2014",2014-07-28,1,4.183559417
"BS40E","ABBA","4_to_6","2019",2019-08-16,0,NA
"BS40E","ABBA","6_to_8","2014",2014-07-28,1,9.692317818
"BS40E","ABBA","6_to_8","2019",2019-08-16,1,NA
"BS40E","ACRU","0_to_2","2014",2014-07-28,4,0.12468
"BS40E","ACRU","0_to_2","2019",2019-08-16,1,NA
"BS40E","ACRU","2_to_4","2014",2014-07-28,0,0
"BS40E","ACRU","2_to_4","2019",2019-08-16,2,NA
"BS40E","ACRU","4_to_6","2014",2014-07-28,1,2.725683809
"BS40E","ACRU","4_to_6","2019",2019-08-16,0,NA
"BS40E","ACRU","6_to_8","2014",2014-07-28,2,13.88190772
"BS40E","ACRU","6_to_8","2019",2019-08-16,2,NA
"BS40E","AMSP","0_to_2","2014",2014-07-28,2,0.326
"BS40E","AMSP","0_to_2","2019",2019-08-16,2,NA
"BS40E","AMSP","2_to_4","2014",2014-07-28,0,0
"BS40E","AMSP","2_to_4","2019",2019-08-16,0,NA
"BS40E","AMSP","4_to_6","2014",2014-07-28,0,0
"BS40E","AMSP","4_to_6","2019",2019-08-16,0,NA
"BS40E","AMSP","6_to_8","2014",2014-07-28,0,0
"BS40E","AMSP","6_to_8","2019",2019-08-16,0,NA
"BS40E","FAGR","0_to_2","2014",2014-07-28,0,0
"BS40E","FAGR","0_to_2","2019",2019-08-16,0,NA
"BS40E","FAGR","2_to_4","2014",2014-07-28,0,0
"BS40E","FAGR","2_to_4","2019",2019-08-16,0,NA
"BS40E","FAGR","4_to_6","2014",2014-07-28,0,0
"BS40E","FAGR","4_to_6","2019",2019-08-16,0,NA
"BS40E","FAGR","6_to_8","2014",2014-07-28,1,16.93729591
"BS40E","FAGR","6_to_8","2019",2019-08-16,1,NA
"BS40E","PIRE","0_to_2","2014",2014-07-28,1,0.0526
"BS40E","PIRE","0_to_2","2019",2019-08-16,0,NA
"BS40E","PIRE","2_to_4","2014",2014-07-28,3,2.530578792
"BS40E","PIRE","2_to_4","2019",2019-08-16,1,NA
"BS40E","PIRE","4_to_6","2014",2014-07-28,1,3.065096704
"BS40E","PIRE","4_to_6","2019",2019-08-16,2,NA
"BS40E","PIRE","6_to_8","2014",2014-07-28,1,7.170251246
"BS40E","PIRE","6_to_8","2019",2019-08-16,0,NA
"BS40E","PIST","0_to_2","2014",2014-07-28,198,8.0784
"BS40E","PIST","0_to_2","2019",2019-08-16,154,NA
"BS40E","PIST","2_to_4","2014",2014-07-28,119,82.050016645
"BS40E","PIST","2_to_4","2019",2019-08-16,138,NA
"BS40E","PIST","4_to_6","2014",2014-07-28,45,115.5239375
"BS40E","PIST","4_to_6","2019",2019-08-16,33,NA
"BS40E","PIST","6_to_8","2014",2014-07-28,17,103.74540978
"BS40E","PIST","6_to_8","2019",2019-08-16,9,NA
"BS40E","QURU","0_to_2","2014",2014-07-28,5,0.199
"BS40E","QURU","0_to_2","2019",2019-08-16,3,NA
"BS40E","QURU","2_to_4","2014",2014-07-28,1,0.83778226
"BS40E","QURU","2_to_4","2019",2019-08-16,4,NA
"BS40E","QURU","4_to_6","2014",2014-07-28,2,6.909338623
"BS40E","QURU","4_to_6","2019",2019-08-16,2,NA
"BS40E","QURU","6_to_8","2014",2014-07-28,0,0
"BS40E","QURU","6_to_8","2019",2019-08-16,0,NA
"BS40F","ABBA","0_to_2","2014",2014-06-13,0,0
"BS40F","ABBA","0_to_2","2019",2019-08-16,0,NA
"BS40F","ABBA","2_to_4","2014",2014-06-13,0,0
"BS40F","ABBA","2_to_4","2019",2019-08-16,0,NA
"BS40F","ABBA","4_to_6","2014",2014-06-13,0,0
"BS40F","ABBA","4_to_6","2019",2019-08-16,0,NA
"BS40F","ABBA","6_to_8","2014",2014-06-13,1,9.692317818
"BS40F","ABBA","6_to_8","2019",2019-08-16,1,NA
"BS40F","ACPE","0_to_2","2014",2014-06-13,1,0.03117
"BS40F","ACPE","0_to_2","2019",2019-08-16,1,NA
"BS40F","ACPE","2_to_4","2014",2014-06-13,1,0.659446622
"BS40F","ACPE","2_to_4","2019",2019-08-16,1,NA
"BS40F","ACPE","4_to_6","2014",2014-06-13,0,0
"BS40F","ACPE","4_to_6","2019",2019-08-16,0,NA
"BS40F","ACPE","6_to_8","2014",2014-06-13,0,0
"BS40F","ACPE","6_to_8","2019",2019-08-16,0,NA
"BS40F","ACRU","0_to_2","2014",2014-06-13,0,0
"BS40F","ACRU","0_to_2","2019",2019-08-16,0,NA
"BS40F","ACRU","2_to_4","2014",2014-06-13,3,1.978339866
"BS40F","ACRU","2_to_4","2019",2019-08-16,1,NA
"BS40F","ACRU","4_to_6","2014",2014-06-13,0,0
"BS40F","ACRU","4_to_6","2019",2019-08-16,1,NA
"BS40F","ACRU","6_to_8","2014",2014-06-13,1,6.94095386
"BS40F","ACRU","6_to_8","2019",2019-08-16,2,NA
"BS40F","AMSP","0_to_2","2014",2014-06-13,0,0
"BS40F","AMSP","0_to_2","2019",2019-08-16,1,NA
"BS40F","AMSP","2_to_4","2014",2014-06-13,3,7.572674128
"BS40F","AMSP","2_to_4","2019",2019-08-16,0,NA
"BS40F","AMSP","4_to_6","2014",2014-06-13,1,9.024409525
"BS40F","AMSP","4_to_6","2019",2019-08-16,2,NA
"BS40F","AMSP","6_to_8","2014",2014-06-13,0,0
"BS40F","AMSP","6_to_8","2019",2019-08-16,0,NA
"BS40F","BEPA","0_to_2","2014",2014-06-13,0,0
"BS40F","BEPA","0_to_2","2019",2019-08-16,0,NA
"BS40F","BEPA","2_to_4","2014",2014-06-13,0,0
"BS40F","BEPA","2_to_4","2019",2019-08-16,0,NA
"BS40F","BEPA","4_to_6","2014",2014-06-13,0,0
"BS40F","BEPA","4_to_6","2019",2019-08-16,0,NA
"BS40F","BEPA","6_to_8","2014",2014-06-13,1,7.543038108
"BS40F","BEPA","6_to_8","2019",2019-08-16,1,NA
"BS40F","PIRE","0_to_2","2014",2014-06-13,1,0.0526
"BS40F","PIRE","0_to_2","2019",2019-08-16,0,NA
"BS40F","PIRE","2_to_4","2014",2014-06-13,2,1.687052528
"BS40F","PIRE","2_to_4","2019",2019-08-16,1,NA
"BS40F","PIRE","4_to_6","2014",2014-06-13,1,3.065096704
"BS40F","PIRE","4_to_6","2019",2019-08-16,0,NA
"BS40F","PIRE","6_to_8","2014",2014-06-13,2,14.34050249
"BS40F","PIRE","6_to_8","2019",2019-08-16,2,NA
"BS40F","PIST","0_to_2","2014",2014-06-13,61,2.4888
"BS40F","PIST","0_to_2","2019",2019-08-16,64,NA
"BS40F","PIST","2_to_4","2014",2014-06-13,63,43.438244108
"BS40F","PIST","2_to_4","2019",2019-08-16,65,NA
"BS40F","PIST","4_to_6","2014",2014-06-13,33,84.71755419
"BS40F","PIST","4_to_6","2019",2019-08-16,21,NA
"BS40F","PIST","6_to_8","2014",2014-06-13,6,36.61602698
"BS40F","PIST","6_to_8","2019",2019-08-16,6,NA
"BS40F","QURU","0_to_2","2014",2014-06-13,0,0
"BS40F","QURU","0_to_2","2019",2019-08-16,1,NA
"BS40F","QURU","2_to_4","2014",2014-06-13,6,5.026693559
"BS40F","QURU","2_to_4","2019",2019-08-16,2,NA
"BS40F","QURU","4_to_6","2014",2014-06-13,3,10.36400793
"BS40F","QURU","4_to_6","2019",2019-08-16,5,NA
"BS40F","QURU","6_to_8","2014",2014-06-13,1,8.783709746
"BS40F","QURU","6_to_8","2019",2019-08-16,2,NA
"BS40X","ABBA","0_to_2","2019",2019-08-16,1,NA
"BS40X","ABBA","2_to_4","2019",2019-08-16,0,NA
"BS40X","ABBA","4_to_6","2019",2019-08-16,0,NA
"BS40X","ABBA","6_to_8","2019",2019-08-16,0,NA
"BS40X","ACRU","0_to_2","2014",2014-07-28,0,0
"BS40X","ACRU","0_to_2","2019",2019-08-16,1,NA
"BS40X","ACRU","2_to_4","2014",2014-07-28,0,0
"BS40X","ACRU","2_to_4","2019",2019-08-16,0,NA
"BS40X","ACRU","4_to_6","2014",2014-07-28,1,2.725683809
"BS40X","ACRU","4_to_6","2019",2019-08-16,0,NA
"BS40X","ACRU","6_to_8","2014",2014-07-28,0,0
"BS40X","ACRU","6_to_8","2019",2019-08-16,0,NA
"BS40X","AMSP","0_to_2","2014",2014-07-28,1,0.163
"BS40X","AMSP","0_to_2","2019",2019-08-16,1,NA
"BS40X","AMSP","2_to_4","2014",2014-07-28,0,0
"BS40X","AMSP","2_to_4","2019",2019-08-16,0,NA
"BS40X","AMSP","4_to_6","2014",2014-07-28,0,0
"BS40X","AMSP","4_to_6","2019",2019-08-16,0,NA
"BS40X","AMSP","6_to_8","2014",2014-07-28,0,0
"BS40X","AMSP","6_to_8","2019",2019-08-16,0,NA
"BS40X","PIRE","0_to_2","2014",2014-07-28,2,0.1052
"BS40X","PIRE","0_to_2","2019",2019-08-16,1,NA
"BS40X","PIRE","2_to_4","2014",2014-07-28,8,6.748210112
"BS40X","PIRE","2_to_4","2019",2019-08-16,3,NA
"BS40X","PIRE","4_to_6","2014",2014-07-28,5,15.325483524
"BS40X","PIRE","4_to_6","2019",2019-08-16,6,NA
"BS40X","PIRE","6_to_8","2014",2014-07-28,4,28.681004986
"BS40X","PIRE","6_to_8","2019",2019-08-16,1,NA
"BS40X","PIST","0_to_2","2014",2014-07-28,120,4.896
"BS40X","PIST","0_to_2","2019",2019-08-16,115,NA
"BS40X","PIST","2_to_4","2014",2014-07-28,148,102.045398853
"BS40X","PIST","2_to_4","2019",2019-08-16,151,NA
"BS40X","PIST","4_to_6","2014",2014-07-28,79,202.808690335
"BS40X","PIST","4_to_6","2019",2019-08-16,53,NA
"BS40X","PIST","6_to_8","2014",2014-07-28,17,103.7454098
"BS40X","PIST","6_to_8","2019",2019-08-16,13,NA
"BS40X","QURU","0_to_2","2014",2014-07-28,0,0
"BS40X","QURU","0_to_2","2019",2019-08-16,0,NA
"BS40X","QURU","2_to_4","2014",2014-07-28,1,0.83778226
"BS40X","QURU","2_to_4","2019",2019-08-16,1,NA
"BS40X","QURU","4_to_6","2014",2014-07-28,0,0
"BS40X","QURU","4_to_6","2019",2019-08-16,1,NA
"BS40X","QURU","6_to_8","2014",2014-07-28,1,8.783709746
"BS40X","QURU","6_to_8","2019",2019-08-16,1,NA
"BS42A","ABBA","0_to_2","2014",2014-07-28,0,0
"BS42A","ABBA","0_to_2","2019",2019-07-10,0,NA
"BS42A","ABBA","2_to_4","2014",2014-07-28,2,2.33678959
"BS42A","ABBA","2_to_4","2019",2019-07-10,0,NA
"BS42A","ABBA","4_to_6","2014",2014-07-28,0,0
"BS42A","ABBA","4_to_6","2019",2019-07-10,1,NA
"BS42A","ABBA","6_to_8","2014",2014-07-28,1,9.692317818
"BS42A","ABBA","6_to_8","2019",2019-07-10,3,NA
"BS42A","ACRU","0_to_2","2014",2014-07-28,1,0.03117
"BS42A","ACRU","0_to_2","2019",2019-07-10,7,NA
"BS42A","ACRU","2_to_4","2014",2014-07-28,1,0.659446622
"BS42A","ACRU","2_to_4","2019",2019-07-10,1,NA
"BS42A","ACRU","4_to_6","2014",2014-07-28,1,2.725683809
"BS42A","ACRU","4_to_6","2019",2019-07-10,1,NA
"BS42A","ACRU","6_to_8","2014",2014-07-28,1,6.94095386
"BS42A","ACRU","6_to_8","2019",2019-07-10,0,NA
"BS42A","AMSP","0_to_2","2014",2014-07-28,5,0.815
"BS42A","AMSP","0_to_2","2019",2019-07-10,6,NA
"BS42A","AMSP","2_to_4","2014",2014-07-28,0,0
"BS42A","AMSP","2_to_4","2019",2019-07-10,0,NA
"BS42A","AMSP","4_to_6","2014",2014-07-28,0,0
"BS42A","AMSP","4_to_6","2019",2019-07-10,0,NA
"BS42A","AMSP","6_to_8","2014",2014-07-28,0,0
"BS42A","AMSP","6_to_8","2019",2019-07-10,0,NA
"BS42A","BEPA","0_to_2","2014",2014-07-28,1,0.0301
"BS42A","BEPA","0_to_2","2019",2019-07-10,5,NA
"BS42A","BEPA","2_to_4","2014",2014-07-28,0,0
"BS42A","BEPA","2_to_4","2019",2019-07-10,1,NA
"BS42A","BEPA","4_to_6","2014",2014-07-28,0,0
"BS42A","BEPA","4_to_6","2019",2019-07-10,1,NA
"BS42A","BEPA","6_to_8","2014",2014-07-28,1,7.543038108
"BS42A","BEPA","6_to_8","2019",2019-07-10,0,NA
"BS42A","COCO","0_to_2","2019",2019-07-10,0,NA
"BS42A","COCO","2_to_4","2019",2019-07-10,2,NA
"BS42A","COCO","4_to_6","2019",2019-07-10,0,NA
"BS42A","COCO","6_to_8","2019",2019-07-10,0,NA
"BS42A","FAGR","0_to_2","2014",2014-07-28,7,1.3244
"BS42A","FAGR","0_to_2","2019",2019-07-10,8,NA
"BS42A","FAGR","2_to_4","2014",2014-07-28,4,9.571678117
"BS42A","FAGR","2_to_4","2019",2019-07-10,5,NA
"BS42A","FAGR","4_to_6","2014",2014-07-28,0,0
"BS42A","FAGR","4_to_6","2019",2019-07-10,0,NA
"BS42A","FAGR","6_to_8","2014",2014-07-28,0,0
"BS42A","FAGR","6_to_8","2019",2019-07-10,0,NA
"BS42A","PIRE","0_to_2","2014",2014-07-28,0,0
"BS42A","PIRE","0_to_2","2019",2019-07-10,0,NA
"BS42A","PIRE","2_to_4","2014",2014-07-28,1,0.843526264
"BS42A","PIRE","2_to_4","2019",2019-07-10,0,NA
"BS42A","PIRE","4_to_6","2014",2014-07-28,2,6.130193408
"BS42A","PIRE","4_to_6","2019",2019-07-10,2,NA
"BS42A","PIRE","6_to_8","2014",2014-07-28,1,7.170251246
"BS42A","PIRE","6_to_8","2019",2019-07-10,0,NA
"BS42A","PIST","0_to_2","2014",2014-07-28,208,8.4864
"BS42A","PIST","0_to_2","2019",2019-07-10,195,NA
"BS42A","PIST","2_to_4","2014",2014-07-28,88,60.675642566
"BS42A","PIST","2_to_4","2019",2019-07-10,79,NA
"BS42A","PIST","4_to_6","2014",2014-07-28,14,35.940780562
"BS42A","PIST","4_to_6","2019",2019-07-10,20,NA
"BS42A","PIST","6_to_8","2014",2014-07-28,7,42.71869815
"BS42A","PIST","6_to_8","2019",2019-07-10,7,NA
"BS42A","POGR","0_to_2","2014",2014-07-28,0,0
"BS42A","POGR","2_to_4","2014",2014-07-28,1,1.833225904
"BS42A","POGR","4_to_6","2014",2014-07-28,0,0
"BS42A","POGR","6_to_8","2014",2014-07-28,0,0
"BS42A","QURU","0_to_2","2019",2019-07-10,1,NA
"BS42A","QURU","2_to_4","2019",2019-07-10,0,NA
"BS42A","QURU","4_to_6","2019",2019-07-10,0,NA
"BS42A","QURU","6_to_8","2019",2019-07-10,0,NA
"BS42B","ABBA","0_to_2","2014",2014-07-28,0,0
"BS42B","ABBA","0_to_2","2019",2019-07-10,0,NA
"BS42B","ABBA","2_to_4","2014",2014-07-28,0,0
"BS42B","ABBA","2_to_4","2019",2019-07-10,0,NA
"BS42B","ABBA","4_to_6","2014",2014-07-28,0,0
"BS42B","ABBA","4_to_6","2019",2019-07-10,0,NA
"BS42B","ABBA","6_to_8","2014",2014-07-28,1,9.692317818
"BS42B","ABBA","6_to_8","2019",2019-07-10,1,NA
"BS42B","ACRU","0_to_2","2014",2014-07-28,0,0
"BS42B","ACRU","0_to_2","2019",2019-07-10,0,NA
"BS42B","ACRU","2_to_4","2014",2014-07-28,4,2.637786488
"BS42B","ACRU","2_to_4","2019",2019-07-10,1,NA
"BS42B","ACRU","4_to_6","2014",2014-07-28,0,0
"BS42B","ACRU","4_to_6","2019",2019-07-10,0,NA
"BS42B","ACRU","6_to_8","2014",2014-07-28,2,13.88190772
"BS42B","ACRU","6_to_8","2019",2019-07-10,2,NA
"BS42B","AMSP","0_to_2","2014",2014-07-28,19,3.097
"BS42B","AMSP","0_to_2","2019",2019-07-10,8,NA
"BS42B","AMSP","2_to_4","2014",2014-07-28,0,0
"BS42B","AMSP","2_to_4","2019",2019-07-10,0,NA
"BS42B","AMSP","4_to_6","2014",2014-07-28,0,0
"BS42B","AMSP","4_to_6","2019",2019-07-10,0,NA
"BS42B","AMSP","6_to_8","2014",2014-07-28,0,0
"BS42B","AMSP","6_to_8","2019",2019-07-10,0,NA
"BS42B","BEPA","0_to_2","2014",2014-07-28,0,0
"BS42B","BEPA","2_to_4","2014",2014-07-28,0,0
"BS42B","BEPA","4_to_6","2014",2014-07-28,0,0
"BS42B","BEPA","6_to_8","2014",2014-07-28,1,7.543038108
"BS42B","COCO","0_to_2","2019",2019-07-10,1,NA
"BS42B","COCO","2_to_4","2019",2019-07-10,0,NA
"BS42B","COCO","4_to_6","2019",2019-07-10,0,NA
"BS42B","COCO","6_to_8","2019",2019-07-10,0,NA
"BS42B","FAGR","0_to_2","2014",2014-07-28,5,0.946
"BS42B","FAGR","0_to_2","2019",2019-07-10,15,NA
"BS42B","FAGR","2_to_4","2014",2014-07-28,1,2.392919529
"BS42B","FAGR","2_to_4","2019",2019-07-10,3,NA
"BS42B","FAGR","4_to_6","2014",2014-07-28,1,7.786318258
"BS42B","FAGR","4_to_6","2019",2019-07-10,2,NA
"BS42B","FAGR","6_to_8","2014",2014-07-28,0,0
"BS42B","FAGR","6_to_8","2019",2019-07-10,0,NA
"BS42B","PIGL","0_to_2","2014",2014-07-28,0,0
"BS42B","PIGL","0_to_2","2019",2019-07-10,1,NA
"BS42B","PIGL","2_to_4","2014",2014-07-28,1,1.941807365
"BS42B","PIGL","2_to_4","2019",2019-07-10,0,NA
"BS42B","PIGL","4_to_6","2014",2014-07-28,0,0
"BS42B","PIGL","4_to_6","2019",2019-07-10,1,NA
"BS42B","PIGL","6_to_8","2014",2014-07-28,0,0
"BS42B","PIGL","6_to_8","2019",2019-07-10,0,NA
"BS42B","PIRE","0_to_2","2014",2014-07-28,1,0.0526
"BS42B","PIRE","0_to_2","2019",2019-07-10,0,NA
"BS42B","PIRE","2_to_4","2014",2014-07-28,2,1.687052528
"BS42B","PIRE","2_to_4","2019",2019-07-10,1,NA
"BS42B","PIRE","4_to_6","2014",2014-07-28,2,6.130193408
"BS42B","PIRE","4_to_6","2019",2019-07-10,2,NA
"BS42B","PIRE","6_to_8","2014",2014-07-28,4,28.68100498
"BS42B","PIRE","6_to_8","2019",2019-07-10,3,NA
"BS42B","PIST","0_to_2","2014",2014-07-28,396,16.1568
"BS42B","PIST","0_to_2","2019",2019-07-10,239,NA
"BS42B","PIST","2_to_4","2014",2014-07-28,112,77.22354508
"BS42B","PIST","2_to_4","2019",2019-07-10,138,NA
"BS42B","PIST","4_to_6","2014",2014-07-28,31,79.58315697
"BS42B","PIST","4_to_6","2019",2019-07-10,37,NA
"BS42B","PIST","6_to_8","2014",2014-07-28,3,18.30801349
"BS42B","PIST","6_to_8","2019",2019-07-10,9,NA
"BS42C","ABBA","0_to_2","2014",2014-06-12,0,0
"BS42C","ABBA","0_to_2","2019",2019-07-09,0,NA
"BS42C","ABBA","2_to_4","2014",2014-06-12,0,0
"BS42C","ABBA","2_to_4","2019",2019-07-09,0,NA
"BS42C","ABBA","4_to_6","2014",2014-06-12,0,0
"BS42C","ABBA","4_to_6","2019",2019-07-09,0,NA
"BS42C","ABBA","6_to_8","2014",2014-06-12,1,9.692317818
"BS42C","ABBA","6_to_8","2019",2019-07-09,1,NA
"BS42C","ACRU","0_to_2","2014",2014-06-12,1,0.03117
"BS42C","ACRU","0_to_2","2019",2019-07-09,10,NA
"BS42C","ACRU","2_to_4","2014",2014-06-12,1,0.659446622
"BS42C","ACRU","2_to_4","2019",2019-07-09,1,NA
"BS42C","ACRU","4_to_6","2014",2014-06-12,1,2.725683809
"BS42C","ACRU","4_to_6","2019",2019-07-09,1,NA
"BS42C","ACRU","6_to_8","2014",2014-06-12,1,6.94095386
"BS42C","ACRU","6_to_8","2019",2019-07-09,0,NA
"BS42C","AMSP","0_to_2","2014",2014-06-12,47,7.661
"BS42C","AMSP","0_to_2","2019",2019-07-09,55,NA
"BS42C","AMSP","2_to_4","2014",2014-06-12,3,7.572674128
"BS42C","AMSP","2_to_4","2019",2019-07-09,5,NA
"BS42C","AMSP","4_to_6","2014",2014-06-12,0,0
"BS42C","AMSP","4_to_6","2019",2019-07-09,0,NA
"BS42C","AMSP","6_to_8","2014",2014-06-12,0,0
"BS42C","AMSP","6_to_8","2019",2019-07-09,0,NA
"BS42C","BEPA","0_to_2","2014",2014-06-12,0,0
"BS42C","BEPA","0_to_2","2019",2019-07-09,0,NA
"BS42C","BEPA","2_to_4","2014",2014-06-12,0,0
"BS42C","BEPA","2_to_4","2019",2019-07-09,1,NA
"BS42C","BEPA","4_to_6","2014",2014-06-12,0,0
"BS42C","BEPA","4_to_6","2019",2019-07-09,0,NA
"BS42C","BEPA","6_to_8","2014",2014-06-12,1,7.543038108
"BS42C","BEPA","6_to_8","2019",2019-07-09,0,NA
"BS42C","COCO","0_to_2","2019",2019-07-09,9,NA
"BS42C","COCO","2_to_4","2019",2019-07-09,0,NA
"BS42C","COCO","4_to_6","2019",2019-07-09,0,NA
"BS42C","COCO","6_to_8","2019",2019-07-09,0,NA
"BS42C","FAGR","0_to_2","2014",2014-06-12,4,0.7568
"BS42C","FAGR","0_to_2","2019",2019-07-09,12,NA
"BS42C","FAGR","2_to_4","2014",2014-06-12,1,2.392919529
"BS42C","FAGR","2_to_4","2019",2019-07-09,0,NA
"BS42C","FAGR","4_to_6","2014",2014-06-12,0,0
"BS42C","FAGR","4_to_6","2019",2019-07-09,1,NA
"BS42C","FAGR","6_to_8","2014",2014-06-12,0,0
"BS42C","FAGR","6_to_8","2019",2019-07-09,0,NA
"BS42C","PIRE","0_to_2","2014",2014-06-12,0,0
"BS42C","PIRE","0_to_2","2019",2019-07-09,0,NA
"BS42C","PIRE","2_to_4","2014",2014-06-12,1,0.843526264
"BS42C","PIRE","2_to_4","2019",2019-07-09,3,NA
"BS42C","PIRE","4_to_6","2014",2014-06-12,4,12.26038682
"BS42C","PIRE","4_to_6","2019",2019-07-09,2,NA
"BS42C","PIRE","6_to_8","2014",2014-06-12,1,7.170251246
"BS42C","PIRE","6_to_8","2019",2019-07-09,1,NA
"BS42C","PIST","0_to_2","2014",2014-06-12,66,2.6928
"BS42C","PIST","0_to_2","2019",2019-07-09,82,NA
"BS42C","PIST","2_to_4","2014",2014-06-12,57,39.301268476
"BS42C","PIST","2_to_4","2019",2019-07-09,66,NA
"BS42C","PIST","4_to_6","2014",2014-06-12,19,48.77677362
"BS42C","PIST","4_to_6","2019",2019-07-09,38,NA
"BS42C","PIST","6_to_8","2014",2014-06-12,4,24.410684654
"BS42C","PIST","6_to_8","2019",2019-07-09,7,NA
"CP1","ACRU","0_to_2","2019",2019-07-09,1,NA
"CP1","ACRU","2_to_4","2019",2019-07-09,0,NA
"CP1","ACRU","4_to_6","2019",2019-07-09,0,NA
"CP1","ACRU","6_to_8","2019",2019-07-09,0,NA
"CP1","ACSA","0_to_2","2014",2014-06-13,2,0.3386
"CP1","ACSA","0_to_2","2019",2019-07-09,0,NA
"CP1","ACSA","2_to_4","2014",2014-06-13,0,0
"CP1","ACSA","2_to_4","2019",2019-07-09,0,NA
"CP1","ACSA","4_to_6","2014",2014-06-13,4,29.432222067
"CP1","ACSA","4_to_6","2019",2019-07-09,3,NA
"CP1","ACSA","6_to_8","2014",2014-06-13,3,48.56797311
"CP1","ACSA","6_to_8","2019",2019-07-09,0,NA
"CP1","FAGR","0_to_2","2014",2014-06-13,94,17.7848
"CP1","FAGR","0_to_2","2019",2019-07-09,76,NA
"CP1","FAGR","2_to_4","2014",2014-06-13,64,153.146849829
"CP1","FAGR","2_to_4","2019",2019-07-09,61,NA
"CP1","FAGR","4_to_6","2014",2014-06-13,15,116.794773858
"CP1","FAGR","4_to_6","2019",2019-07-09,15,NA
"CP1","FAGR","6_to_8","2014",2014-06-13,1,16.93729591
"CP1","FAGR","6_to_8","2019",2019-07-09,2,NA
"CP1","TSCA","0_to_2","2019",2019-07-09,0,NA
"CP1","TSCA","2_to_4","2019",2019-07-09,0,NA
"CP1","TSCA","4_to_6","2019",2019-07-09,0,NA
"CP1","TSCA","6_to_8","2019",2019-07-09,1,NA
"CP2","ACRU","0_to_2","2014",2014-06-18,0,0
"CP2","ACRU","2_to_4","2014",2014-06-18,0,0
"CP2","ACRU","4_to_6","2014",2014-06-18,0,0
"CP2","ACRU","6_to_8","2014",2014-06-18,1,6.94095386
"CP2","ACSA","0_to_2","2014",2014-06-18,0,0
"CP2","ACSA","0_to_2","2019",2019-07-09,0,NA
"CP2","ACSA","2_to_4","2014",2014-06-18,3,6.667447203
"CP2","ACSA","2_to_4","2019",2019-07-09,0,NA
"CP2","ACSA","4_to_6","2014",2014-06-18,1,7.358055517
"CP2","ACSA","4_to_6","2019",2019-07-09,4,NA
"CP2","ACSA","6_to_8","2014",2014-06-18,1,16.18932437
"CP2","ACSA","6_to_8","2019",2019-07-09,1,NA
"CP2","FAGR","0_to_2","2014",2014-06-18,56,10.5952
"CP2","FAGR","0_to_2","2019",2019-07-09,27,NA
"CP2","FAGR","2_to_4","2014",2014-06-18,59,141.182252217
"CP2","FAGR","2_to_4","2019",2019-07-09,46,NA
"CP2","FAGR","4_to_6","2014",2014-06-18,18,140.153728658
"CP2","FAGR","4_to_6","2019",2019-07-09,26,NA
"CP2","FAGR","6_to_8","2014",2014-06-18,9,152.43566323
"CP2","FAGR","6_to_8","2019",2019-07-09,8,NA
"CP3","ACSA","0_to_2","2014",2014-06-18,1,0.1693
"CP3","ACSA","0_to_2","2019",2019-07-09,1,NA
"CP3","ACSA","2_to_4","2014",2014-06-18,1,2.222482401
"CP3","ACSA","2_to_4","2019",2019-07-09,1,NA
"CP3","ACSA","4_to_6","2014",2014-06-18,3,22.074166547
"CP3","ACSA","4_to_6","2019",2019-07-09,1,NA
"CP3","ACSA","6_to_8","2014",2014-06-18,3,48.56797311
"CP3","ACSA","6_to_8","2019",2019-07-09,1,NA
"CP3","FAGR","0_to_2","2014",2014-06-18,106,20.0552
"CP3","FAGR","0_to_2","2019",2019-07-09,61,NA
"CP3","FAGR","2_to_4","2014",2014-06-18,86,205.791079488
"CP3","FAGR","2_to_4","2019",2019-07-09,58,NA
"CP3","FAGR","4_to_6","2014",2014-06-18,14,109.0084556
"CP3","FAGR","4_to_6","2019",2019-07-09,24,NA
"CP3","FAGR","6_to_8","2014",2014-06-18,12,203.2475509
"CP3","FAGR","6_to_8","2019",2019-07-09,13,NA
"CP3","TSCA","0_to_2","2014",2014-06-18,0,0
"CP3","TSCA","0_to_2","2019",2019-07-09,0,NA
"CP3","TSCA","2_to_4","2014",2014-06-18,0,0
"CP3","TSCA","2_to_4","2019",2019-07-09,0,NA
"CP3","TSCA","4_to_6","2014",2014-06-18,0,0
"CP3","TSCA","4_to_6","2019",2019-07-09,1,NA
"CP3","TSCA","6_to_8","2014",2014-06-18,1,27.82563119
"CP3","TSCA","6_to_8","2019",2019-07-09,0,NA
"DNR1","ACRU","0_to_2","2014",2014-07-29,56,1.74552
"DNR1","ACRU","0_to_2","2019",2019-07-08,28,NA
"DNR1","ACRU","2_to_4","2014",2014-07-29,63,41.54513718
"DNR1","ACRU","2_to_4","2019",2019-07-08,64,NA
"DNR1","ACRU","4_to_6","2014",2014-07-29,52,141.735558009
"DNR1","ACRU","4_to_6","2019",2019-07-08,44,NA
"DNR1","ACRU","6_to_8","2014",2014-07-29,20,138.8190772
"DNR1","ACRU","6_to_8","2019",2019-07-08,26,NA
"DNR1","BEPA","0_to_2","2014",2014-07-29,1,0.0301
"DNR1","BEPA","0_to_2","2019",2019-07-08,0,NA
"DNR1","BEPA","2_to_4","2014",2014-07-29,2,1.361446554
"DNR1","BEPA","2_to_4","2019",2019-07-08,0,NA
"DNR1","BEPA","4_to_6","2014",2014-07-29,2,5.804470958
"DNR1","BEPA","4_to_6","2019",2019-07-08,0,NA
"DNR1","BEPA","6_to_8","2014",2014-07-29,3,22.62911432
"DNR1","BEPA","6_to_8","2019",2019-07-08,3,NA
"DNR1","FAGR","0_to_2","2014",2014-07-29,0,0
"DNR1","FAGR","0_to_2","2019",2019-07-08,0,NA
"DNR1","FAGR","2_to_4","2014",2014-07-29,7,16.7504367
"DNR1","FAGR","2_to_4","2019",2019-07-08,5,NA
"DNR1","FAGR","4_to_6","2014",2014-07-29,1,7.786318258
"DNR1","FAGR","4_to_6","2019",2019-07-08,4,NA
"DNR1","FAGR","6_to_8","2014",2014-07-29,0,0
"DNR1","FAGR","6_to_8","2019",2019-07-08,2,NA
"DNR1","PIRE","0_to_2","2019",2019-07-08,1,NA
"DNR1","PIRE","2_to_4","2019",2019-07-08,0,NA
"DNR1","PIRE","4_to_6","2019",2019-07-08,0,NA
"DNR1","PIRE","6_to_8","2019",2019-07-08,0,NA
"DNR1","PIST","0_to_2","2014",2014-07-29,1,0.0408
"DNR1","PIST","2_to_4","2014",2014-07-29,0,0
"DNR1","PIST","4_to_6","2014",2014-07-29,2,5.134397224
"DNR1","PIST","6_to_8","2014",2014-07-29,0,0
"DNR1","POGR","0_to_2","2014",2014-07-29,34,4.7158
"DNR1","POGR","0_to_2","2019",2019-07-08,5,NA
"DNR1","POGR","2_to_4","2014",2014-07-29,58,106.32710245
"DNR1","POGR","2_to_4","2019",2019-07-08,19,NA
"DNR1","POGR","4_to_6","2014",2014-07-29,78,474.9094156
"DNR1","POGR","4_to_6","2019",2019-07-08,49,NA
"DNR1","POGR","6_to_8","2014",2014-07-29,51,684.6332883
"DNR1","POGR","6_to_8","2019",2019-07-08,42,NA
"DNR1","QURU","0_to_2","2014",2014-07-29,8,0.3184
"DNR1","QURU","0_to_2","2019",2019-07-08,4,NA
"DNR1","QURU","2_to_4","2014",2014-07-29,18,15.08008068
"DNR1","QURU","2_to_4","2019",2019-07-08,12,NA
"DNR1","QURU","4_to_6","2014",2014-07-29,14,48.36537036
"DNR1","QURU","4_to_6","2019",2019-07-08,11,NA
"DNR1","QURU","6_to_8","2014",2014-07-29,6,52.70225847
"DNR1","QURU","6_to_8","2019",2019-07-08,7,NA
"DNR2","ACRU","0_to_2","2014",2014-07-29,70,2.1819
"DNR2","ACRU","0_to_2","2019",2019-07-08,31,NA
"DNR2","ACRU","2_to_4","2014",2014-07-29,73,48.1396034
"DNR2","ACRU","2_to_4","2019",2019-07-08,62,NA
"DNR2","ACRU","4_to_6","2014",2014-07-29,46,125.381455209
"DNR2","ACRU","4_to_6","2019",2019-07-08,43,NA
"DNR2","ACRU","6_to_8","2014",2014-07-29,31,215.16956966
"DNR2","ACRU","6_to_8","2019",2019-07-08,25,NA
"DNR2","AMSP","0_to_2","2014",2014-07-29,3,0.489
"DNR2","AMSP","2_to_4","2014",2014-07-29,0,0
"DNR2","AMSP","4_to_6","2014",2014-07-29,0,0
"DNR2","AMSP","6_to_8","2014",2014-07-29,0,0
"DNR2","BEPA","0_to_2","2014",2014-07-29,0,0
"DNR2","BEPA","0_to_2","2019",2019-07-08,0,NA
"DNR2","BEPA","2_to_4","2014",2014-07-29,2,1.361446554
"DNR2","BEPA","2_to_4","2019",2019-07-08,0,NA
"DNR2","BEPA","4_to_6","2014",2014-07-29,5,14.511177399
"DNR2","BEPA","4_to_6","2019",2019-07-08,1,NA
"DNR2","BEPA","6_to_8","2014",2014-07-29,1,7.543038108
"DNR2","BEPA","6_to_8","2019",2019-07-08,1,NA
"DNR2","FAGR","0_to_2","2014",2014-07-29,1,0.1892
"DNR2","FAGR","2_to_4","2014",2014-07-29,1,2.392919529
"DNR2","FAGR","4_to_6","2014",2014-07-29,0,0
"DNR2","FAGR","6_to_8","2014",2014-07-29,0,0
"DNR2","POGR","0_to_2","2014",2014-07-29,11,1.5257
"DNR2","POGR","0_to_2","2019",2019-07-08,4,NA
"DNR2","POGR","2_to_4","2014",2014-07-29,46,84.3283916
"DNR2","POGR","2_to_4","2019",2019-07-08,23,NA
"DNR2","POGR","4_to_6","2014",2014-07-29,65,395.7578463
"DNR2","POGR","4_to_6","2019",2019-07-08,36,NA
"DNR2","POGR","6_to_8","2014",2014-07-29,49,657.784924
"DNR2","POGR","6_to_8","2019",2019-07-08,26,NA
"DNR2","QURU","0_to_2","2014",2014-07-29,5,0.199
"DNR2","QURU","0_to_2","2019",2019-07-08,3,NA
"DNR2","QURU","2_to_4","2014",2014-07-29,14,11.728951639
"DNR2","QURU","2_to_4","2019",2019-07-08,7,NA
"DNR2","QURU","4_to_6","2014",2014-07-29,11,38.001362423
"DNR2","QURU","4_to_6","2019",2019-07-08,11,NA
"DNR2","QURU","6_to_8","2014",2014-07-29,5,43.91854873
"DNR2","QURU","6_to_8","2019",2019-07-08,5,NA
"DNR3","ACRU","0_to_2","2014",2014-07-29,77,2.40009
"DNR3","ACRU","0_to_2","2019",2019-07-08,52,NA
"DNR3","ACRU","2_to_4","2014",2014-07-29,103,67.92300206
"DNR3","ACRU","2_to_4","2019",2019-07-08,87,NA
"DNR3","ACRU","4_to_6","2014",2014-07-29,48,130.832822817
"DNR3","ACRU","4_to_6","2019",2019-07-08,46,NA
"DNR3","ACRU","6_to_8","2014",2014-07-29,35,242.9333851
"DNR3","ACRU","6_to_8","2019",2019-07-08,34,NA
"DNR3","AMSP","0_to_2","2014",2014-07-29,7,1.141
"DNR3","AMSP","0_to_2","2019",2019-07-08,2,NA
"DNR3","AMSP","2_to_4","2014",2014-07-29,1,2.524224709
"DNR3","AMSP","2_to_4","2019",2019-07-08,1,NA
"DNR3","AMSP","4_to_6","2014",2014-07-29,0,0
"DNR3","AMSP","4_to_6","2019",2019-07-08,0,NA
"DNR3","AMSP","6_to_8","2014",2014-07-29,0,0
"DNR3","AMSP","6_to_8","2019",2019-07-08,0,NA
"DNR3","BEPA","0_to_2","2014",2014-07-29,1,0.0301
"DNR3","BEPA","2_to_4","2014",2014-07-29,3,2.042169831
"DNR3","BEPA","4_to_6","2014",2014-07-29,1,2.902235479
"DNR3","BEPA","6_to_8","2014",2014-07-29,2,15.08607622
"DNR3","FAGR","0_to_2","2014",2014-07-29,0,0
"DNR3","FAGR","0_to_2","2019",2019-07-08,2,NA
"DNR3","FAGR","2_to_4","2014",2014-07-29,0,0
"DNR3","FAGR","2_to_4","2019",2019-07-08,0,NA
"DNR3","FAGR","4_to_6","2014",2014-07-29,1,7.786318258
"DNR3","FAGR","4_to_6","2019",2019-07-08,2,NA
"DNR3","FAGR","6_to_8","2014",2014-07-29,0,0
"DNR3","FAGR","6_to_8","2019",2019-07-08,0,NA
"DNR3","PIST","0_to_2","2014",2014-07-29,0,0
"DNR3","PIST","0_to_2","2019",2019-07-08,3,NA
"DNR3","PIST","2_to_4","2014",2014-07-29,1,0.689495938
"DNR3","PIST","2_to_4","2019",2019-07-08,2,NA
"DNR3","PIST","4_to_6","2014",2014-07-29,1,2.567198612
"DNR3","PIST","4_to_6","2019",2019-07-08,0,NA
"DNR3","PIST","6_to_8","2014",2014-07-29,0,0
"DNR3","PIST","6_to_8","2019",2019-07-08,1,NA
"DNR3","POGR","0_to_2","2014",2014-07-29,32,4.4384
"DNR3","POGR","0_to_2","2019",2019-07-08,12,NA
"DNR3","POGR","2_to_4","2014",2014-07-29,68,124.6593615
"DNR3","POGR","2_to_4","2019",2019-07-08,33,NA
"DNR3","POGR","4_to_6","2014",2014-07-29,91,554.0609848
"DNR3","POGR","4_to_6","2019",2019-07-08,61,NA
"DNR3","POGR","6_to_8","2014",2014-07-29,68,912.84438436
"DNR3","POGR","6_to_8","2019",2019-07-08,51,NA
"DNR3","QURU","0_to_2","2014",2014-07-29,2,0.0796
"DNR3","QURU","0_to_2","2019",2019-07-08,2,NA
"DNR3","QURU","2_to_4","2014",2014-07-29,3,2.51334678
"DNR3","QURU","2_to_4","2019",2019-07-08,1,NA
"DNR3","QURU","4_to_6","2014",2014-07-29,2,6.909338624
"DNR3","QURU","4_to_6","2019",2019-07-08,2,NA
"DNR3","QURU","6_to_8","2014",2014-07-29,1,8.783709746
"DNR3","QURU","6_to_8","2019",2019-07-08,0,NA
"PSA1","ACRU","0_to_2","2014",2014-07-17,33,1.02861
"PSA1","ACRU","0_to_2","2019",2019-07-16,18,NA
"PSA1","ACRU","2_to_4","2014",2014-07-17,54,35.61011758
"PSA1","ACRU","2_to_4","2019",2019-07-16,50,NA
"PSA1","ACRU","4_to_6","2014",2014-07-17,30,81.77051425
"PSA1","ACRU","4_to_6","2019",2019-07-16,29,NA
"PSA1","ACRU","6_to_8","2014",2014-07-17,18,124.9371695
"PSA1","ACRU","6_to_8","2019",2019-07-16,21,NA
"PSA1","AMSP","0_to_2","2014",2014-07-17,5,0.815
"PSA1","AMSP","2_to_4","2014",2014-07-17,3,7.572674128
"PSA1","AMSP","4_to_6","2014",2014-07-17,0,0
"PSA1","AMSP","6_to_8","2014",2014-07-17,0,0
"PSA1","PIRE","0_to_2","2014",2014-07-17,1,0.0526
"PSA1","PIRE","0_to_2","2019",2019-07-16,1,NA
"PSA1","PIRE","2_to_4","2014",2014-07-17,0,0
"PSA1","PIRE","2_to_4","2019",2019-07-16,0,NA
"PSA1","PIRE","4_to_6","2014",2014-07-17,0,0
"PSA1","PIRE","4_to_6","2019",2019-07-16,0,NA
"PSA1","PIRE","6_to_8","2014",2014-07-17,1,7.170251246
"PSA1","PIRE","6_to_8","2019",2019-07-16,1,NA
"PSA1","PIST","0_to_2","2014",2014-07-17,8,0.3264
"PSA1","PIST","0_to_2","2019",2019-07-16,12,NA
"PSA1","PIST","2_to_4","2014",2014-07-17,12,8.273951259
"PSA1","PIST","2_to_4","2019",2019-07-16,12,NA
"PSA1","PIST","4_to_6","2014",2014-07-17,6,15.403191672
"PSA1","PIST","4_to_6","2019",2019-07-16,8,NA
"PSA1","PIST","6_to_8","2014",2014-07-17,9,54.92404048
"PSA1","PIST","6_to_8","2019",2019-07-16,8,NA
"PSA1","POGR","0_to_2","2014",2014-07-17,2,0.2774
"PSA1","POGR","0_to_2","2019",2019-07-16,0,NA
"PSA1","POGR","2_to_4","2014",2014-07-17,3,5.499677713
"PSA1","POGR","2_to_4","2019",2019-07-16,0,NA
"PSA1","POGR","4_to_6","2014",2014-07-17,14,85.2401515
"PSA1","POGR","4_to_6","2019",2019-07-16,13,NA
"PSA1","POGR","6_to_8","2014",2014-07-17,41,550.3914671
"PSA1","POGR","6_to_8","2019",2019-07-16,31,NA
"PSA1","QURU","0_to_2","2014",2014-07-17,5,0.199
"PSA1","QURU","0_to_2","2019",2019-07-16,5,NA
"PSA1","QURU","2_to_4","2014",2014-07-17,8,6.702258079
"PSA1","QURU","2_to_4","2019",2019-07-16,7,NA
"PSA1","QURU","4_to_6","2014",2014-07-17,3,10.364007935
"PSA1","QURU","4_to_6","2019",2019-07-16,2,NA
"PSA1","QURU","6_to_8","2014",2014-07-17,7,61.48596822
"PSA1","QURU","6_to_8","2019",2019-07-16,6,NA
"PSA2","ACRU","0_to_2","2019",2019-07-16,6,NA
"PSA2","ACRU","0_to_2","2014",NA,33,1.02861
"PSA2","ACRU","2_to_4","2019",2019-07-16,28,NA
"PSA2","ACRU","2_to_4","2014",NA,39,25.718418251
"PSA2","ACRU","4_to_6","2019",2019-07-16,41,NA
"PSA2","ACRU","4_to_6","2014",NA,35,95.3989333
"PSA2","ACRU","6_to_8","2019",2019-07-16,27,NA
"PSA2","ACRU","6_to_8","2014",NA,20,138.8190772
"PSA2","AMSP","0_to_2","2014",NA,0,0
"PSA2","AMSP","2_to_4","2014",NA,1,2.524224709
"PSA2","AMSP","4_to_6","2014",NA,0,0
"PSA2","AMSP","6_to_8","2014",NA,0,0
"PSA2","BEPA","0_to_2","2019",2019-07-16,0,NA
"PSA2","BEPA","2_to_4","2019",2019-07-16,0,NA
"PSA2","BEPA","4_to_6","2019",2019-07-16,1,NA
"PSA2","BEPA","6_to_8","2019",2019-07-16,0,NA
"PSA2","FAGR","0_to_2","2019",2019-07-16,1,NA
"PSA2","FAGR","2_to_4","2019",2019-07-16,0,NA
"PSA2","FAGR","4_to_6","2019",2019-07-16,0,NA
"PSA2","FAGR","6_to_8","2019",2019-07-16,0,NA
"PSA2","PIRE","0_to_2","2019",2019-07-16,0,NA
"PSA2","PIRE","0_to_2","2014",NA,1,0.0526
"PSA2","PIRE","2_to_4","2019",2019-07-16,1,NA
"PSA2","PIRE","2_to_4","2014",NA,0,0
"PSA2","PIRE","4_to_6","2019",2019-07-16,0,NA
"PSA2","PIRE","4_to_6","2014",NA,1,3.065096704
"PSA2","PIRE","6_to_8","2019",2019-07-16,0,NA
"PSA2","PIRE","6_to_8","2014",NA,0,0
"PSA2","PIST","0_to_2","2019",2019-07-16,42,NA
"PSA2","PIST","0_to_2","2014",NA,39,1.5912
"PSA2","PIST","2_to_4","2019",2019-07-16,8,NA
"PSA2","PIST","2_to_4","2014",NA,5,3.447479691
"PSA2","PIST","4_to_6","2019",2019-07-16,3,NA
"PSA2","PIST","4_to_6","2014",NA,4,10.26879445
"PSA2","PIST","6_to_8","2019",2019-07-16,2,NA
"PSA2","PIST","6_to_8","2014",NA,4,24.41068465
"PSA2","POGR","0_to_2","2019",2019-07-16,0,NA
"PSA2","POGR","0_to_2","2014",NA,1,0.1387
"PSA2","POGR","2_to_4","2019",2019-07-16,0,NA
"PSA2","POGR","2_to_4","2014",NA,5,9.166129522
"PSA2","POGR","4_to_6","2019",2019-07-16,6,NA
"PSA2","POGR","4_to_6","2014",NA,17,103.5058983
"PSA2","POGR","6_to_8","2019",2019-07-16,15,NA
"PSA2","POGR","6_to_8","2014",NA,28,375.8770995
"PSA2","POTR","0_to_2","2014",NA,0,0
"PSA2","POTR","2_to_4","2014",NA,0,0
"PSA2","POTR","4_to_6","2014",NA,4,16.066567108
"PSA2","POTR","6_to_8","2014",NA,2,19.42048173
"PSA2","QURU","0_to_2","2019",2019-07-16,0,NA
"PSA2","QURU","0_to_2","2014",NA,1,0.0398
"PSA2","QURU","2_to_4","2019",2019-07-16,4,NA
"PSA2","QURU","2_to_4","2014",NA,5,4.1889113
"PSA2","QURU","4_to_6","2019",2019-07-16,1,NA
"PSA2","QURU","4_to_6","2014",NA,6,20.728015873
"PSA2","QURU","6_to_8","2019",2019-07-16,3,NA
"PSA2","QURU","6_to_8","2014",NA,1,8.783709746
"PSA3","ACRU","0_to_2","2019",2019-07-17,5,NA
"PSA3","ACRU","0_to_2","2014",NA,13,0.40521
"PSA3","ACRU","2_to_4","2019",2019-07-17,21,NA
"PSA3","ACRU","2_to_4","2014",NA,25,16.486165547
"PSA3","ACRU","4_to_6","2019",2019-07-17,17,NA
"PSA3","ACRU","4_to_6","2014",NA,15,40.885257129
"PSA3","ACRU","6_to_8","2019",2019-07-17,20,NA
"PSA3","ACRU","6_to_8","2014",NA,19,131.87812332
"PSA3","BEPA","0_to_2","2019",2019-07-17,0,NA
"PSA3","BEPA","0_to_2","2014",NA,0,0
"PSA3","BEPA","2_to_4","2019",2019-07-17,1,NA
"PSA3","BEPA","2_to_4","2014",NA,1,0.680723277
"PSA3","BEPA","4_to_6","2019",2019-07-17,1,NA
"PSA3","BEPA","4_to_6","2014",NA,1,2.902235479
"PSA3","BEPA","6_to_8","2019",2019-07-17,4,NA
"PSA3","BEPA","6_to_8","2014",NA,7,52.80126675
"PSA3","FAGR","0_to_2","2019",2019-07-17,7,NA
"PSA3","FAGR","0_to_2","2014",NA,8,1.5136
"PSA3","FAGR","2_to_4","2019",2019-07-17,6,NA
"PSA3","FAGR","2_to_4","2014",NA,8,19.14335623
"PSA3","FAGR","4_to_6","2019",2019-07-17,4,NA
"PSA3","FAGR","4_to_6","2014",NA,2,15.57263652
"PSA3","FAGR","6_to_8","2019",2019-07-17,2,NA
"PSA3","FAGR","6_to_8","2014",NA,3,50.81188773
"PSA3","PIRE","0_to_2","2019",2019-07-17,3,NA
"PSA3","PIRE","0_to_2","2014",NA,1,0.0526
"PSA3","PIRE","2_to_4","2019",2019-07-17,1,NA
"PSA3","PIRE","2_to_4","2014",NA,1,0.843526264
"PSA3","PIRE","4_to_6","2019",2019-07-17,0,NA
"PSA3","PIRE","4_to_6","2014",NA,0,0
"PSA3","PIRE","6_to_8","2019",2019-07-17,0,NA
"PSA3","PIRE","6_to_8","2014",NA,0,0
"PSA3","PIST","0_to_2","2019",2019-07-17,18,NA
"PSA3","PIST","0_to_2","2014",NA,14,0.5712
"PSA3","PIST","2_to_4","2019",2019-07-17,4,NA
"PSA3","PIST","2_to_4","2014",NA,0,0
"PSA3","PIST","4_to_6","2019",2019-07-17,0,NA
"PSA3","PIST","4_to_6","2014",NA,0,0
"PSA3","PIST","6_to_8","2019",2019-07-17,1,NA
"PSA3","PIST","6_to_8","2014",NA,0,0
"PSA3","POGR","0_to_2","2019",2019-07-17,1,NA
"PSA3","POGR","0_to_2","2014",NA,8,1.1096
"PSA3","POGR","2_to_4","2019",2019-07-17,1,NA
"PSA3","POGR","2_to_4","2014",NA,9,16.49903314
"PSA3","POGR","4_to_6","2019",2019-07-17,6,NA
"PSA3","POGR","4_to_6","2014",NA,16,97.417316
"PSA3","POGR","6_to_8","2019",2019-07-17,17,NA
"PSA3","POGR","6_to_8","2014",NA,37,496.6947385
"PSA3","QURU","0_to_2","2019",2019-07-17,1,NA
"PSA3","QURU","0_to_2","2014",NA,0,0
"PSA3","QURU","2_to_4","2019",2019-07-17,7,NA
"PSA3","QURU","2_to_4","2014",NA,13,10.891169378
"PSA3","QURU","4_to_6","2019",2019-07-17,8,NA
"PSA3","QURU","4_to_6","2014",NA,8,27.637354493
"PSA3","QURU","6_to_8","2019",2019-07-17,4,NA
"PSA3","QURU","6_to_8","2014",NA,3,26.35112924
"PSA3",NA,"0_to_2","2014",NA,1,0.163
"PSA3",NA,"2_to_4","2014",NA,0,0
"PSA3",NA,"4_to_6","2014",NA,0,0
"PSA3",NA,"6_to_8","2014",NA,0,0
