"Archived_Sample_ID","Plot_ID","Profile_ID","Targeted_Sampling_Increment","Actual_Sampling_Increment","Sampling_Increment_Thickness","Sample_Volume","Fine_Earth_Dry_Mass","Root_Dry_Mass","Wood_Dry_Mass","Stone_Dry_Mass","Stone_Volume","Sieving_Comments","Fine_Earth_Mass_Density","Fine_Earth_Bulk_Density","Bulk_Density_Code","Texture","PH","Percent_Loss_On_Ignition","Percent_C_Concentration","C_Concentration_Code","Ca_Concentration","K_Concentration","Mg_Concentration","P_Concentration","Al_Concentration","Cu_Concentration","Fe_Concentration","Mn_Concentration","Na_Concentration","S_Concentration","Zn_Concentration","Acidity","ECEC","Root_C_Stock","Soil_C_Stock"
"L14-0002","IP1",".1","Oe","Oe",NA,NA,28.5,0,0,0,0,NA,12.67,NA,NA,NA,NA,NA,36.3,"UMBS",NA,NA,NA,NA,NA,NA,NA,NA,NA,NA,NA,NA,NA,NA,5
"L14-0003","IP1",".1","A","A",NA,NA,305.47,4.12,0,0,0,NA,135.76,NA,NA,"SAND",4.05,11,21.1,"UMBS",518,208,106,28.2,20.6,0.8,5.4,88,10.1,43.2,6.7,4.9,9,0.86,29
"L14-0004","IP1",".1","0--15","0--15",15,318.4,420.44,0.35,0.31,6.28,2.5,NA,NA,1.33,"M",NA,NA,NA,0.4,"JML",NA,NA,NA,NA,NA,NA,NA,NA,NA,NA,NA,NA,NA,0.46,9
"L14-0005","IP1",".1","15--30","15--30",15,318.4,482.48,0.21,0.92,2.72,1.1,NA,NA,1.52,"M","SAND",4.61,1.3,0.5,"JML",13,12,3,2.8,150.1,0.1,15.4,4.4,2.2,5.6,1.2,1.1,1.2,0.28,12
"L14-0006","IP1",".1","30--60","30--60",30,636.8,1058.45,0.13,0.96,14.96,6,"NO CHARCOAL",NA,1.68,"M",NA,NA,NA,0.1,"AVG",NA,NA,NA,NA,NA,NA,NA,NA,NA,NA,NA,NA,NA,0.02,7
"L14-0007","IP1",".1","60--100","60--100",40,849.1,1551.57,0.01,0.16,27.01,10.8,NA,NA,1.85,"M","GRAVELLY SAND",5.54,0.2,0.1,"AVG",59,9,12,0.7,53.1,0.1,12.6,0.4,1.6,1.7,2.5,0,0.4,0,7
"L14-0009","IP1",".2","Oe","Oe",NA,NA,30,0,0,0,0,NA,13.33,NA,NA,NA,NA,NA,26.7,"UMBS",NA,NA,NA,NA,NA,NA,NA,NA,NA,NA,NA,NA,NA,NA,4
"L14-0010","IP1",".2","A","A",NA,NA,355.26,13.63,0,0,0,NA,157.89,NA,NA,"SAND",4.32,7.7,11.5,"UMBS",313,125,64,14,27.5,1.5,11.3,88.1,3.7,25,5.4,3.3,5.7,2.85,18
"L14-0011","IP1",".2","0--15","0--15",15,318.4,415.58,0.37,0.95,28.73,11.5,NA,NA,1.35,"M",NA,NA,NA,0.5,"JML",NA,NA,NA,NA,NA,NA,NA,NA,NA,NA,NA,NA,NA,1.38,10
"L14-0012","IP1",".2","15--30","15--30",15,318.4,429.74,0.62,0.51,73.85,29.5,NA,NA,1.49,"M","GRAVELLY SAND",4.65,0.9,0.6,"JML",26,15,4,1.7,118.5,0.1,10.9,12.8,1.9,4,2.2,1.2,1.4,0.4,13
"L14-0013","IP1",".2","30--60","30--60",30,636.8,865.79,0.18,0.2,41.86,16.7,"NO CHARCOAL",NA,1.4,"M",NA,NA,NA,0.2,"UMBS",NA,NA,NA,NA,NA,NA,NA,NA,NA,NA,NA,NA,NA,0.22,8
"L14-0014","IP1",".2","60--100","60--100",40,849.1,1472.71,0.1,0.01,27.31,10.9,NA,NA,1.76,"M","GRAVELLY SAND",5.44,0.2,0.1,"UMBS",69,8,8,0.4,32.5,0.1,5.8,1.5,1.6,1.7,1.4,0,0.4,0,8
"L14-0016","IP1",".3","Oe","Oe",NA,NA,34.09,0,0,0,0,NA,15.15,NA,NA,NA,NA,NA,39.4,"UMBS",NA,NA,NA,NA,NA,NA,NA,NA,NA,NA,NA,NA,NA,NA,6
"L14-0017","IP1",".3","A","A",NA,NA,219.86,6.78,0,0,0,NA,97.72,NA,NA,"SAND",3.97,30.3,33.7,"UMBS",646,190,116,26.2,17.1,1.2,4.1,84.2,12,45.4,7.8,5.4,10.2,1.42,33
"L14-0018","IP1",".3","0--15","0--15",15,318.4,328.88,0.41,1.29,30.73,12.3,NA,NA,1.07,"M",NA,NA,NA,1.2,"JML",NA,NA,NA,NA,NA,NA,NA,NA,NA,NA,NA,NA,NA,0.28,20
"L14-0019","IP1",".3","15--30","15--30",15,318.4,413.99,0.12,5.87,44.69,17.9,"METAL PIPING",NA,1.38,"M","GRAVELLY SAND",4.42,0.9,0.6,"JML",36,11,9,2.1,95.9,0.1,23.7,6.9,6,4.3,2.5,1.7,2,0,13
"L14-0020","IP1",".3","30--60","30--60",30,636.8,913.87,0,0.16,78.98,31.6,NA,NA,1.51,"M",NA,NA,NA,0.3,"UMBS",NA,NA,NA,NA,NA,NA,NA,NA,NA,NA,NA,NA,NA,0.02,13
"L14-0021","IP1",".3","60--100","60--100",40,849.1,1488.02,0.01,0.41,79.85,31.9,NA,NA,1.82,"M","GRAVELLY SAND",5.16,0.2,0.1,"UMBS",39,11,14,1.1,74.6,0.1,10.2,2.1,2,2.7,1.5,0,0.3,0,10
"L14-0023","IP2",".1","Oe","Oe",NA,NA,33.34,0,0,0,0,NA,14.82,NA,NA,NA,NA,NA,40.1,"UMBS",NA,NA,NA,NA,NA,NA,NA,NA,NA,NA,NA,NA,NA,NA,6
"L14-0024","IP2",".1","A","A",NA,NA,348.74,5.97,0,0,0,NA,155,NA,NA,"SAND",4.71,15.4,22.3,"UMBS",1520,224,177,39,15.5,1.6,5,356.8,7.4,34.3,8,3.3,12.9,1.25,35
"L14-0025","IP2",".1","0--15","0--15",15,318.4,277.5,0.62,3.12,19.77,7.9,NA,NA,0.89,"M",NA,NA,NA,2.1,"JML",NA,NA,NA,NA,NA,NA,NA,NA,NA,NA,NA,NA,NA,4.41,28
"L14-0026","IP2",".1","15--30","15--30",15,318.4,444.86,1.99,1.09,66.47,26.6,NA,NA,1.52,"M","GRAVELLY SAND",4.77,1.1,0.3,"UMBS",124,17,9,3.9,97.2,0.2,15,16.9,2.1,4.8,2.3,1.4,2.2,0.42,6
"L14-0027","IP2",".1","30--60","30--60",30,636.8,851.82,0.19,0.3,29.28,11.7,NA,NA,1.36,"M",NA,NA,NA,0.3,"UMBS",NA,NA,NA,NA,NA,NA,NA,NA,NA,NA,NA,NA,NA,1.26,13
"L14-0028","IP2",".1","60--100","60--100",40,849.1,1383.83,0.57,1.83,65.5,26.2,NA,NA,1.68,"M","LOAMY SAND",5.62,0.2,0.2,"JML",235,27,26,0.9,31.8,0.2,3.9,5.7,1.3,2.1,5.3,0,1.5,0,16
"L14-0030","IP2",".2","Oe","Oe",NA,NA,31.32,0,0,0,0,NA,13.92,NA,NA,NA,NA,NA,32.6,"UMBS",NA,NA,NA,NA,NA,NA,NA,NA,NA,NA,NA,NA,NA,NA,5
"L14-0031","IP2",".2","A","A",NA,NA,435.71,4.77,0,1.21,0.5,"STONES",193.65,NA,NA,"SAND",4.55,9.5,14.9,"UMBS",729,166,106,34.3,11.8,0.7,4.8,140.3,2.5,29.7,5.8,3.1,8.1,1,29
"L14-0032","IP2",".2","0--15","0--15",15,318.4,334.29,0.61,1.32,20.86,8.3,NA,NA,1.08,"M",NA,NA,NA,0.9,"JML",NA,NA,NA,NA,NA,NA,NA,NA,NA,NA,NA,NA,NA,2.51,14
"L14-0033","IP2",".2","15--30","15--30",15,318.4,417.43,1.13,0.81,24.52,9.8,"NO CHARCOAL",NA,1.35,"M","SAND",4.59,0.8,0.6,"JML",16,10,3,3,161.7,0.1,14.4,4.7,2.2,5.5,1.6,1.3,1.4,0.97,12
"L14-0034","IP2",".2","30--60","30--60",30,636.8,991.28,0.44,0.18,33.63,13.5,"NO CHARCOAL",NA,1.59,"M",NA,NA,NA,0.2,"UMBS",NA,NA,NA,NA,NA,NA,NA,NA,NA,NA,NA,NA,NA,0.14,12
"L14-0035","IP2",".2","60--100","60--100",40,849.1,1603.99,0.06,0.07,30.25,12.1,"LOTS OF AGGREGATES",NA,1.92,"M","LOAMY SAND",5.27,0.3,0.2,"UMBS",157,22,22,1.3,70.5,0.2,7.9,2,2.7,2.2,2.4,0,1,0,12
"L14-0037","IP2",".3","Oe","Oe",NA,NA,20.75,0,0,0,0,NA,9.22,NA,NA,NA,NA,NA,30,"UMBS",NA,NA,NA,NA,NA,NA,NA,NA,NA,NA,NA,NA,NA,NA,3
"L14-0038","IP2",".3","A","A",NA,NA,172.01,4.31,0,0,0,NA,76.45,NA,NA,"SAND",4.27,8.7,17.1,"UMBS",320,189,94,18.1,17.3,0.7,5.4,154.7,6.2,21.9,5.2,3.5,6.3,0.9,13
"L14-0039","IP2",".3","0--15","0--15",15,318.4,297,0.43,0.33,28.25,11.3,NA,NA,0.97,"M",NA,NA,NA,1,"JML",NA,NA,NA,NA,NA,NA,NA,NA,NA,NA,NA,NA,NA,2.57,15
"L14-0040","IP2",".3","15--30","15--30",15,318.4,393.04,1.16,1.1,70.32,28.1,NA,NA,1.35,"M","GRAVELLY SAND",4.8,0.6,0.4,"JML",17,10,4,3.1,133.6,0.2,13,8.2,2.3,5.2,2.2,0.8,0.9,0.74,7
"L14-0041","IP2",".3","30--60","30--60",30,636.8,991.47,0.33,0.11,30.62,12.2,NA,NA,1.59,"M",NA,NA,NA,0.2,"UMBS",NA,NA,NA,NA,NA,NA,NA,NA,NA,NA,NA,NA,NA,0.25,11
"L14-0042","IP2",".3","60--100","60--100",40,849.1,1664.42,0.11,0.12,26.57,10.6,NA,NA,1.99,"M","LOAMY SAND",5.34,0.3,0.1,"UMBS",146,21,22,1.8,69,0.4,7.9,2.3,2.7,2.1,4.7,0,1,0,10
"L14-0044","IP3",".1","Oe","Oe",NA,NA,84.97,0,0,0,0,NA,37.76,NA,NA,NA,NA,NA,36.7,"UMBS",NA,NA,NA,NA,NA,NA,NA,NA,NA,NA,NA,NA,NA,NA,14
"L14-0045","IP3",".1","A","A",NA,NA,606.46,22.97,0,0,0,NA,269.54,NA,NA,"SAND",4.28,16.5,13.2,"UMBS",647,249,132,30.3,22.9,3.8,7.7,130.7,8.6,46.6,14.6,4.4,9.4,4.8,36
"L14-0046","IP3",".1","0--15","0--15",15,318.4,402.18,0.53,1.63,27.27,10.9,NA,NA,1.31,"M",NA,NA,NA,1,"JML",NA,NA,NA,NA,NA,NA,NA,NA,NA,NA,NA,NA,NA,0.4,19
"L14-0047","IP3",".1","15--30","15--30",15,318.4,413.68,0.18,0.18,93.29,37.3,NA,NA,1.47,"M","SAND",4.52,0.8,0.4,"JML",28,16,6,3.5,105,0.2,47.1,32.1,1.8,4,2.7,1.4,1.7,0.98,9
"L14-0048","IP3",".1","30--60","30--60",30,636.8,939.7,0.44,0.86,106.66,42.7,NA,NA,1.58,"M",NA,NA,NA,0.4,"AVG",NA,NA,NA,NA,NA,NA,NA,NA,NA,NA,NA,NA,NA,0.64,19
"L14-0049","IP3",".1","60--100","60--100",40,849.1,1497.68,0.29,0.3,37.84,15.1,"METAL, CHARCOAL",NA,1.8,"M","LOAMY SAND",5.29,0.6,0.3,"AVG",143,21,32,2.1,72.7,0.1,7.9,3.4,1.8,2,1.5,0,1,0,21
"L14-0051","IP3",".2","Oe","Oe",NA,NA,20.2,0,0,0,0,NA,8.98,NA,NA,NA,NA,NA,27.7,"UMBS",NA,NA,NA,NA,NA,NA,NA,NA,NA,NA,NA,NA,NA,NA,2
"L14-0052","IP3",".2","A","A",NA,NA,638.57,6.5,0,5.4,2.2,"STONES",283.81,NA,NA,"SAND",4.98,7.4,10.9,"UMBS",232,158,117,11.7,40.5,1.3,7.8,694,4.7,35.2,9.6,2.3,4.8,1.36,31
"L14-0053","IP3",".2","0--15","0--15",15,318.4,400,0.41,0.15,52.97,21.2,NA,NA,1.35,"M",NA,NA,NA,0.4,"JML",NA,NA,NA,NA,NA,NA,NA,NA,NA,NA,NA,NA,NA,0.45,7
"L14-0054","IP3",".2","15--30","15--30",15,318.4,434.64,0.2,0.32,31.58,12.6,NA,NA,1.42,"M","GRAVELLY SAND",5.04,0.5,0.3,"JML",34,9,11,0.6,61.5,0.2,11.1,7.5,1.9,2,1.1,0.5,0.7,0.23,6
"L14-0055","IP3",".2","30--60","30--60",30,636.8,569.86,0.1,0,197.59,79,"A LOT OF METAL",NA,1.57,"G",NA,NA,NA,0.3,"UMBS",NA,NA,NA,NA,NA,NA,NA,NA,NA,NA,NA,NA,NA,0.3,13
"L14-0056","IP3",".2","60--100","60--100",40,849.1,1508.86,0.14,0.36,50.15,20.1,"LOTS OF AGGREGATES",NA,1.82,"M","LOAMY SAND",5.75,0.3,0.1,"UMBS",182,16,33,1.6,50.6,0.2,5.8,2.1,3.3,1.8,2,0,1.2,0,8
"L14-0058","IP3",".3","Oe","Oe",NA,NA,51.49,0,0,0,0,NA,22.88,NA,NA,NA,NA,NA,46.3,"UMBS",NA,NA,NA,NA,NA,NA,NA,NA,NA,NA,NA,NA,NA,NA,11
"L14-0059","IP3",".3","A","A",NA,NA,160.67,10.58,0,0,0,NA,71.41,NA,NA,"SAND",3.64,48.8,41.8,"UMBS",470,237,141,69.9,9.1,2.1,3.2,60.6,9,60.7,11.6,6.1,10.2,2.21,30
"L14-0060","IP3",".3","0--15","0--15",15,318.4,338.69,0.17,1.35,16.43,6.6,NA,NA,1.09,"M",NA,NA,NA,1,"JML",NA,NA,NA,NA,NA,NA,NA,NA,NA,NA,NA,NA,NA,0.34,17
"L14-0061","IP3",".3","15--30","15--30",15,318.4,377.07,0.16,1.1,22.3,8.9,"METAL",NA,1.22,"M","SAND",4.94,0.8,0.4,"JML",60,9,4,2.8,150.4,0.2,9.5,2.1,2.3,5.4,13.1,0.9,1.2,0.85,8
"L14-0062","IP3",".3","30--60","30--60",30,636.8,885.98,0.38,0.65,37.38,15,NA,NA,1.42,"M",NA,NA,NA,0.3,"UMBS",NA,NA,NA,NA,NA,NA,NA,NA,NA,NA,NA,NA,NA,0.24,12
"L14-0063","IP3",".3","60--100","60--100",40,849.1,1484.92,0.11,0.27,20.2,8.1,NA,NA,1.77,"M","SAND",5.31,0.2,0.1,"UMBS",90,9,15,0.4,23,0.2,4,1.8,1.4,1.4,0.9,0,0.6,0,7
"L14-0065","BS42A",".1","Oe","Oe",NA,NA,49.81,0,0,0,0,NA,22.14,NA,NA,NA,NA,NA,41.8,"UMBS",NA,NA,NA,NA,NA,NA,NA,NA,NA,NA,NA,NA,NA,NA,9
"L14-0066","BS42A",".1","A","A",NA,NA,159.52,4.35,0,0,0,NA,70.9,NA,NA,"SAND",4.04,22.1,32.4,"UMBS",861,101,110,18.2,13.1,0.5,3.7,36.6,3.6,22.1,6.5,4.9,10.4,0.91,23
"L14-0067","BS42A",".1","0--15","0--15",15,318.4,240.21,1.35,0,0,0,NA,NA,1.18,"G",NA,NA,NA,0.7,"JML",NA,NA,NA,NA,NA,NA,NA,NA,NA,NA,NA,NA,NA,1.23,12
"L14-0068","BS42A",".1","15--30","15--30",15,318.4,530.26,0.55,1.84,45.3,18.1,"NO CHARCOAL, SOME",NA,1.77,"M","GRAVELLY SAND",4.49,0.2,0.2,"JML",12,9,4,0.7,84.7,0.1,11.8,0.3,1.7,3.2,1.7,0.9,1,0.32,5
"L14-0069","BS42A",".1","30--60","30--60",30,636.8,876.57,0.14,0.01,67.66,27.1,"LEAKER; METAL",NA,1.44,"M",NA,NA,NA,0.3,"AVG",NA,NA,NA,NA,NA,NA,NA,NA,NA,NA,NA,NA,NA,0.24,14
"L14-0070","BS42A",".1","60--100","60--82",22,467,1229.5,0.11,0.41,37.84,15.1,NA,NA,1.73,"G","GRAVELLY SAND",5.79,0.2,0.1,"JML",39,5,6,0.3,21.2,0.1,6.5,0.6,1.2,1.4,33.2,0,0.3,0,3
"L14-0072","BS42A",".2","Oe","Oe",NA,NA,64.16,0,0,0,0,NA,28.52,NA,NA,NA,NA,NA,46.5,"UMBS",NA,NA,NA,NA,NA,NA,NA,NA,NA,NA,NA,NA,NA,NA,13
"L14-0073","BS42A",".2","A","A",NA,NA,137.52,11.94,0,0,0,NA,61.12,NA,NA,"SAND",3.93,35.7,31.4,"UMBS",983,168,126,27.7,9.3,0.3,2.5,17.8,4.1,25.7,5.5,4.9,11.3,2.49,19
"L14-0074","BS42A",".2","0--15","0--15",15,318.4,413.66,1.61,0,0,0,NA,NA,1.3,"M",NA,NA,NA,0.6,"JML",NA,NA,NA,NA,NA,NA,NA,NA,NA,NA,NA,NA,NA,2.97,11
"L14-0075","BS42A",".2","15--30","15--30",15,318.4,561.04,1.34,0.43,13.14,5.3,"NO CHARCOAL",NA,1.79,"M","GRAVELLY SAND",4.48,0.5,0.4,"JML",39,10,6,0.6,40.8,0.1,11,0.3,1.4,2.4,2.4,1.2,1.5,2.78,10
"L14-0076","BS42A",".2","30--60","30--60",30,636.8,1126.27,1.25,0.03,143.22,57.3,"NO WOOD",NA,1.94,"M",NA,NA,NA,0.2,"UMBS",NA,NA,NA,NA,NA,NA,NA,NA,NA,NA,NA,NA,NA,0.04,13
"L14-0077","BS42A",".2","60--100","60--86",26,551.9,865.72,0.02,0.08,94.68,37.9,NA,NA,1.68,"M","GRAVELLY SAND",5.97,0.2,0.1,"PLOTXDEPTH EST.",80,6,7,0.3,31.2,0.1,7.2,0.2,0.8,1.8,9.4,0,0.5,0,4
"L14-0079","BS42A",".3","Oe","Oe",NA,NA,77.7,0,0,0,0,NA,34.53,NA,NA,NA,NA,NA,46.8,"UMBS",NA,NA,NA,NA,NA,NA,NA,NA,NA,NA,NA,NA,NA,NA,16
"L14-0080","BS42A",".3","A","A",NA,NA,186.34,3.31,0,0,0,NA,82.82,NA,NA,"SAND",4.03,24.1,36.2,"UMBS",1026,133,119,17.5,15.2,0.8,3.5,22.2,7,24,8.6,5.1,11.6,0.69,30
"L14-0081","BS42A",".3","0--15","0--15",15,318.4,434.45,0.91,0,0,0,NA,NA,1.36,"M",NA,NA,NA,0.6,"JML",NA,NA,NA,NA,NA,NA,NA,NA,NA,NA,NA,NA,NA,1.33,12
"L14-0082","BS42A",".3","15--30","15--30",15,318.4,507.53,0.6,0,0,0,NA,NA,1.59,"M","GRAVELLY SAND",4.47,0.4,0.2,"JML",22,7,3,0.7,53.2,0.7,15.3,0.2,1.5,2.4,4,1.2,1.4,0.19,4
"L14-0083","BS42A",".3","30--60","30--60",30,636.8,1119.42,0.09,0,100.49,40.2,"NO WOOD, FEW ROOTS. METAL",NA,1.88,"M",NA,NA,NA,0.2,"UMBS",NA,NA,NA,NA,NA,NA,NA,NA,NA,NA,NA,NA,NA,0.2,10
"L14-0084","BS42A",".3","60--100","60--100",40,849.1,1490.51,0.09,0,139.99,56,NA,NA,1.88,"M","GRAVELLY SAND",6.11,0.3,0.1,"PLOTXDEPTH EST.",103,8,10,0.3,20.9,0.1,3.6,0.2,1.1,1.3,13.3,0,0.6,0,7
"L14-0086","BS42B",".1","Oe","Oe",NA,NA,57.34,0,0,0,0,NA,25.48,NA,NA,NA,NA,NA,31,"UMBS",NA,NA,NA,NA,NA,NA,NA,NA,NA,NA,NA,NA,NA,NA,8
"L14-0087","BS42B",".1","A","A",NA,NA,221.3,24.54,0,0,0,NA,98.36,NA,NA,"SAND",4.71,8.8,16,"UMBS",1412,176,85,12.9,16.3,0.5,6.1,113.5,3.4,17.7,12,3,11.2,5.13,16
"L14-0088","BS42B",".1","0--15","0--15",15,318.4,382.58,0.81,3.82,15.59,6.2,NA,NA,1.23,"M",NA,NA,NA,0.9,"JML",NA,NA,NA,NA,NA,NA,NA,NA,NA,NA,NA,NA,NA,2.45,16
"L14-0089","BS42B",".1","15--30","15--30",15,318.4,461.29,1.1,0.29,44.96,18,NA,NA,1.54,"M","GRAVELLY SAND",4.79,0.3,0.2,"JML",21,8,4,0.4,84.5,0.6,4.8,0,5.3,2.8,1.8,0.6,0.8,0.21,3
"L14-0090","BS42B",".1","30--60","30--60",30,636.8,957.77,0.09,0.15,138.74,55.5,"CHARCOAL, METAL",NA,1.65,"M",NA,NA,NA,0.1,"AVG",NA,NA,NA,NA,NA,NA,NA,NA,NA,NA,NA,NA,NA,0.32,6
"L14-0091","BS42B",".1","60--100","60--84",24,509.4,1172.41,0.14,0.25,39.28,15.7,NA,NA,1.73,"G","GRAVELLY SAND",6.71,0.3,0.1,"PLOTXDEPTH MEAN",82,3,15,1.1,8.9,0.1,1.8,0.3,0.8,1.2,9.2,0,0.5,0,5
"L14-0093","BS42B",".2","Oe","Oe",NA,NA,41.87,0,0,0,0,NA,18.61,NA,NA,NA,NA,NA,41,"UMBS",NA,NA,NA,NA,NA,NA,NA,NA,NA,NA,NA,NA,NA,NA,8
"L14-0094","BS42B",".2","A","A",NA,NA,148.06,1.49,0,0,0,NA,65.8,NA,NA,"SAND",4.14,27.8,32.8,"UMBS",1160,119,119,16,14.7,0.6,3.8,31.3,3.3,25.6,7.3,4.7,11.8,0.31,22
"L14-0095","BS42B",".2","0--15","0--15",15,318.4,381.75,0.58,0.69,17.6,7,NA,NA,1.23,"M",NA,NA,NA,0.3,"JML",NA,NA,NA,NA,NA,NA,NA,NA,NA,NA,NA,NA,NA,2.12,5
"L14-0096","BS42B",".2","15--30","15--30",15,318.4,528.89,0.96,2.27,12.57,5,"NO CHARCOAL",NA,1.69,"M","SAND",4.6,0.5,0.1,"JML",56,10,10,0.4,47.3,0.2,7.3,0.1,5.5,2.1,1.9,1,1.4,0.74,1
"L14-0097","BS42B",".2","30--60","30--60",30,636.8,1049.76,0.34,0,125.97,50.4,"NO WOOD,METAL",NA,1.79,"M",NA,NA,NA,0.2,"UMBS",NA,NA,NA,NA,NA,NA,NA,NA,NA,NA,NA,NA,NA,0,9
"L14-0098","BS42B",".2","60--100","60--84",24,509.4,957.3,0,0,58.26,23.3,"60-84 CM",NA,1.97,"M","GRAVELLY SAND",6.12,0.2,0,"JML",50,7,5,0.2,12.6,0.2,3.7,0.6,1.2,1.1,21.9,0,0.3,0,2
"L14-0100","BS42B",".3","Oe","Oe",NA,NA,85.42,0,0,0,0,NA,37.96,NA,NA,NA,NA,NA,46,"UMBS",NA,NA,NA,NA,NA,NA,NA,NA,NA,NA,NA,NA,NA,NA,17
"L14-0101","BS42B",".3","A","A",NA,NA,67.64,86.97,0,0,0,NA,30.06,NA,NA,"SAND",3.97,8.9,7.7,"UMBS",406,180,96,6.5,NA,NA,NA,20.6,1.2,30.9,14.3,4.1,7.4,18.17,2
"L14-0102","BS42B",".3","0--15","0--15",15,318.4,417.17,7.71,0.27,16.61,6.6,NA,NA,1.34,"M",NA,NA,NA,0.3,"UMBS",NA,NA,NA,NA,NA,NA,NA,NA,NA,NA,NA,NA,NA,0.78,5
"L14-0103","BS42B",".3","15--30","15--30",15,318.4,463.96,0.35,0,32.41,13,"NO WOOD",NA,1.52,"M","GRAVELLY SAND",5.16,0.2,0,"JML",70,9,7,0.4,74.5,0.1,6,0,2,3.1,0.8,0,0.4,0.54,1
"L14-0104","BS42B",".3","30--60","30--60",30,636.8,1116.91,0.24,0.42,112.35,44.9,"METAL",NA,1.89,"M",NA,NA,NA,0.2,"UMBS",NA,NA,NA,NA,NA,NA,NA,NA,NA,NA,NA,NA,NA,0,11
"L14-0105","BS42B",".3","60--100","60--100",60,1273.6,1801.82,0,0.24,147.97,59.2,NA,NA,1.48,"M","GRAVELLY SAND",6.26,0.2,0.2,"JML",52,4,7,0.2,9.7,0.1,2.4,0.2,1.2,1.1,18.8,0,0.3,0,17
"L14-0107","BS42C",".1","Oe","Oe",NA,NA,64.37,0,0,0,0,NA,28.61,NA,NA,NA,NA,NA,48.1,"UMBS",NA,NA,NA,NA,NA,NA,NA,NA,NA,NA,NA,NA,NA,NA,14
"L14-0108","BS42C",".1","A","A",NA,NA,172.94,19.84,0,0,0,NA,76.86,NA,NA,"SAND",3.6,67.6,43.9,"UMBS",828,218,124,22.5,14.1,4,3,15.1,10.6,43.6,22.7,6.3,12,4.14,34
"L14-0109","BS42C",".1","0--15","0--15",15,318.4,346.25,0.42,1.58,15.14,6.1,NA,NA,1.11,"M",NA,NA,NA,0.9,"JML",NA,NA,NA,NA,NA,NA,NA,NA,NA,NA,NA,NA,NA,0.99,15
"L14-0110","BS42C",".1","15--30","15--30",15,318.4,344.39,0.45,28.69,134.49,53.8,NA,NA,1.3,"M","GRAVELLY SAND",4.51,1.9,1.3,"UMBS",40,17,5,0.4,131,0.4,23.7,0.3,2.4,10.4,2.8,1.6,1.9,0.73,26
"L14-0111","BS42C",".1","30--60","30--60",30,636.8,1001.78,0.33,1.21,35.24,14.1,"METAL, CHARCOAL",NA,1.61,"M",NA,NA,NA,0.2,"AVG",NA,NA,NA,NA,NA,NA,NA,NA,NA,NA,NA,NA,NA,0.26,11
"L14-0112","BS42C",".1","60--100","60--100",60,1273.6,1432.3,0.12,0.2,64.47,25.8,NA,NA,1.73,"G","GRAVELLY SAND",5.77,0.2,0.1,"PLOTXDEPTH MEAN",33,5,4,0.2,33,0.1,6.5,0.2,0.7,2.7,17.3,0,0.2,0,15
"L14-0114","BS42C",".2","Oe","Oe",NA,NA,37.46,0,0,0,0,NA,16.65,NA,NA,NA,NA,NA,47,"UMBS",NA,NA,NA,NA,NA,NA,NA,NA,NA,NA,NA,NA,NA,NA,8
"L14-0115","BS42C",".2","A","A",NA,NA,214.11,16.32,0,18.14,7.3,NA,95.16,NA,NA,"SAND",3.72,37,40.7,"UMBS",681,153,100,10.2,25.3,1.4,7,9.7,7.1,30.9,10.5,5.8,10.4,3.41,39
"L14-0116","BS42C",".2","0--15","0--15",15,318.4,367.99,0.61,0.57,32.27,12.9,NA,NA,1.2,"M",NA,NA,NA,0.6,"JML",NA,NA,NA,NA,NA,NA,NA,NA,NA,NA,NA,NA,NA,1.29,11
"L14-0117","BS42C",".2","15--30","15--30",15,318.4,448.78,0.58,0.21,33.34,13.3,NA,NA,1.47,"M","GRAVELLY SAND",5.04,0.5,0.4,"UMBS",10,12,4,0.3,84,0.2,11,0.2,1.5,17.6,0.8,0,0.1,1.34,9
"L14-0118","BS42C",".2","30--60","30--60",30,636.8,877.26,0.6,0.1,97.91,39.2,"METAL, CHARCOAL",NA,1.47,"M",NA,NA,NA,0.3,"UMBS",NA,NA,NA,NA,NA,NA,NA,NA,NA,NA,NA,NA,NA,1.03,12
"L14-0119","BS42C",".2","60--100","60--100",60,1273.6,1270.55,0.46,0,106.23,42.5,NA,NA,1.73,"G","GRAVELLY SAND",5.16,0.2,0.1,"JML",12,8,3,0.4,80.7,0.2,9.9,0,1.4,9.7,7,0,0.1,0,14
"L14-0121","BS42C",".3","Oe","Oe",NA,NA,76.07,0,0,0,0,NA,33.81,NA,NA,NA,NA,NA,33,"UMBS",NA,NA,NA,NA,NA,NA,NA,NA,NA,NA,NA,NA,NA,NA,11
"L14-0122","BS42C",".3","A","A",NA,NA,250.63,15.42,0,0,0,NA,111.39,NA,NA,"SAND",3.58,38.8,41.6,"UMBS",564,178,71,12,25.4,0.9,6.6,8.7,4.4,49.4,4.8,6,9.8,3.22,46
"L14-0123","BS42C",".3","0--15","0--15",15,318.4,356.23,0.8,0.69,5.17,2.1,NA,NA,1.13,"M",NA,NA,NA,1.3,"JML",NA,NA,NA,NA,NA,NA,NA,NA,NA,NA,NA,NA,NA,2.31,23
"L14-0124","BS42C",".3","15--30","15--30",15,318.4,530.82,1.05,0.33,15.43,6.2,NA,NA,1.7,"M","GRAVELLY SAND",4.8,0.5,0.3,"JML",32,6,2,0.3,42.7,0.1,23.1,0.2,1.9,2.5,1.9,0.6,0.8,1.4,7
"L14-0125","BS42C",".3","30--60","30--60",30,636.8,1095.48,0.63,0.38,75.59,30.2,"METAL, LEAK?",NA,1.81,"M",NA,NA,NA,0.2,"UMBS",NA,NA,NA,NA,NA,NA,NA,NA,NA,NA,NA,NA,NA,0.76,9
"L14-0126","BS42C",".3","60--100","60--89",29,615.6,1160.92,0.34,1.69,108.23,43.3,"METAL",NA,2.03,"M","GRAVELLY SAND",5.74,0.2,0.2,"JML",93,7,8,0.3,22.8,0.2,4.5,1,1.8,1.9,18.3,0,0.6,0,9
"L14-0128","BS40E",".1","Oe","Oe",NA,NA,33.11,0,0,0,0,NA,14.72,NA,NA,NA,NA,NA,61.9,"UMBS",NA,NA,NA,NA,NA,NA,NA,NA,NA,NA,NA,NA,NA,NA,9
"L14-0129","BS40E",".1","A","A",NA,NA,74.79,0.24,0,0,0,NA,33.24,NA,NA,"SAND",5.2,19.3,23.8,"UMBS",1684,326,200,57.5,12.3,0.7,3.4,345,6.1,33.4,17,1.8,12.8,0.05,8
"L14-0130","BS40E",".1","0--15","0--15",15,318.4,410.06,0.79,0,0,0,NA,NA,1.29,"M",NA,NA,NA,1.2,"JML",NA,NA,NA,NA,NA,NA,NA,NA,NA,NA,NA,NA,NA,6.46,23
"L14-0131","BS40E",".1","15--30","15--30",15,318.4,469.44,2.92,5.11,2.4,1,"WEBBING AROUND ROOTS",NA,1.48,"M","SAND",4.93,0.8,0.7,"JML",22,23,5,1.6,94.2,0.3,8.3,1.4,1.4,22.1,1.7,0.6,0.8,0.68,15
"L14-0132","BS40E",".1","30--60","30--60",30,636.8,1019.35,0.31,1.53,9.93,4,"METAL",NA,1.61,"M",NA,NA,NA,0.1,"JML",NA,NA,NA,NA,NA,NA,NA,NA,NA,NA,NA,NA,NA,0.04,6
"L14-0133","BS40E",".1","60--100","60--100",40,849.1,1558.72,0.02,0.14,0.95,0.4,NA,NA,1.84,"M","FINE SAND",5.45,0.2,0.1,"JML",11,9,3,0.8,35.5,0.1,5.2,0.8,0.4,6.9,5.6,0,0.1,0,4
"L14-0135","BS40E",".2","Oe","Oe",NA,NA,36.22,0,0,0,0,NA,16.1,NA,NA,NA,NA,NA,37.1,"UMBS",NA,NA,NA,NA,NA,NA,NA,NA,NA,NA,NA,NA,NA,NA,6
"L14-0136","BS40E",".2","A","A",NA,NA,73.39,2.1,0,0,0,NA,32.62,NA,NA,"SAND",4.6,27.4,19.7,"UMBS",952,223,91,41.2,8.8,0.3,2.5,121.7,5,26.4,6.1,3,9.1,0.44,6
"L14-0137","BS40E",".2","0--15","0--15",15,318.4,387.34,0.56,0,0,0,NA,NA,1.22,"M",NA,NA,NA,1.3,"UMBS",NA,NA,NA,NA,NA,NA,NA,NA,NA,NA,NA,NA,NA,2.75,24
"L14-0138","BS40E",".2","15--30","15--30",15,318.4,495.4,1.24,1.5,2.63,1.1,"METAL",NA,1.56,"M","SAND",5,1.2,0.7,"UMBS",65,18,4,1.3,84.6,0.3,10.4,6.4,1.5,4.5,1.8,0.8,1.2,0.69,16
"L14-0139","BS40E",".2","30--60","30--60",30,636.8,935.82,0.31,0.32,3.39,1.4,"METAL",NA,1.47,"M",NA,NA,NA,0.4,"UMBS",NA,NA,NA,NA,NA,NA,NA,NA,NA,NA,NA,NA,NA,0.51,18
"L14-0140","BS40E",".2","60--100","60--100",40,849.1,1694.83,0.23,4.45,5.51,2.2,"METAL",NA,2,"M","LOAMY SAND",5.95,0.3,0.1,"PLOTXDEPTH EST.",63,15,8,0.8,42.3,0.2,3.2,1.2,4.6,5.8,9.8,0,0.4,0,5
"L14-0142","BS40E",".3","Oe","Oe",NA,NA,27.71,0,0,0,0,NA,12.32,NA,NA,NA,NA,NA,39.4,"UMBS",NA,NA,NA,NA,NA,NA,NA,NA,NA,NA,NA,NA,NA,NA,5
"L14-0143","BS40E",".3","A","A",NA,NA,81.82,4.44,0,0,0,NA,36.36,NA,NA,"SAND",5.39,15.6,33.6,"UMBS",1745,231,176,42.3,13.8,0.5,3.3,218.2,6.4,26.9,14.2,1.4,12.1,0.93,12
"L14-0144","BS40E",".3","0--15","0--15",15,318.4,365.88,0.66,0,0,0,NA,NA,1.15,"M",NA,NA,NA,0.9,"UMBS",NA,NA,NA,NA,NA,NA,NA,NA,NA,NA,NA,NA,NA,0.86,15
"L14-0145","BS40E",".3","15--30","15--30",15,318.4,455.65,0.39,0.37,0.03,0,"CHARCOAL",NA,1.43,"M","SAND",5.45,0.3,0.5,"UMBS",54,20,6,1.2,63.5,0.2,6,2.1,1.3,4.4,1,0,0.4,0.67,12
"L14-0146","BS40E",".3","30--60","30--60",30,636.8,967.19,0.3,1.19,0,0,"NO STONES, CHARCOAL",NA,1.52,"M",NA,NA,NA,0.3,"UMBS",NA,NA,NA,NA,NA,NA,NA,NA,NA,NA,NA,NA,NA,0.36,12
"L14-0147","BS40E",".3","60--100","60--100",40,849.1,1473.98,0.16,0.3,0.02,0,"SOME METAL/CHARCOAL",NA,1.74,"M","FINE SAND",5.57,0.3,0.1,"PLOTXDEPTH EST.",14,10,2,0.8,54.3,0.1,7,0.8,0.3,13.3,1.7,0,0.1,0,4
"L14-0149","BS40F",".1","Oe","Oe",NA,NA,39.4,0,0,0,0,NA,17.51,NA,NA,NA,NA,NA,40.4,"UMBS",NA,NA,NA,NA,NA,NA,NA,NA,NA,NA,NA,NA,NA,NA,7
"L14-0150","BS40F",".1","A","A",NA,NA,117.19,5.38,0,0,0,NA,52.08,NA,NA,"SAND",4.86,19.3,25.1,"UMBS",1891,294,181,34.5,15.9,1.4,5,292.7,6.7,36.8,13.5,2.7,14.4,1.12,13
"L14-0151","BS40F",".1","0--15","0--15",15,318.4,376.91,0.24,0,0,0,NA,NA,1.18,"M",NA,NA,NA,0.7,"JML",NA,NA,NA,NA,NA,NA,NA,NA,NA,NA,NA,NA,NA,0.81,13
"L14-0152","BS40F",".1","15--30","15--30",15,318.4,433.99,0.36,1.83,1.96,0.8,"RIPPED BAG",NA,1.37,"M","SAND",5.09,1.6,0.8,"JML",76,22,9,1.7,108,0.3,8.9,2.7,1.9,6,1.5,0.9,1.4,0.52,16
"L14-0153","BS40F",".1","30--60","30--60",30,636.8,1011.09,0.24,0.14,18.2,7.3,"METAL",NA,1.61,"M",NA,NA,NA,0.2,"AVG",NA,NA,NA,NA,NA,NA,NA,NA,NA,NA,NA,NA,NA,0.01,10
"L14-0154","BS40F",".1","60--100","60--100",40,849.1,1614.56,0,0.1,1.4,0.6,NA,NA,1.9,"M","SANDY CLAY LOAM",5.89,0.3,0.1,"PLOTXDEPTH EST.",113,34,16,0.8,42.8,0.6,3.6,0.9,7.1,4.6,3.1,0,0.8,0,7
"L14-0156","BS40F",".2","Oe","Oe",NA,NA,38.19,0,0,0,0,NA,16.97,NA,NA,NA,NA,NA,44.7,"UMBS",NA,NA,NA,NA,NA,NA,NA,NA,NA,NA,NA,NA,NA,NA,8
"L14-0157","BS40F",".2","A","A",NA,NA,119.69,6.26,0,0,0,NA,53.2,NA,NA,"SAND",4.05,35.1,18.9,"UMBS",697,230,80,34,15.6,0.6,5,71,6.4,41,5.7,4.2,9,1.31,10
"L14-0158","BS40F",".2","0--15","0--15",15,318.4,383.99,0.79,0,0,0,NA,NA,1.21,"M",NA,NA,NA,0.9,"UMBS",NA,NA,NA,NA,NA,NA,NA,NA,NA,NA,NA,NA,NA,0.65,16
"L14-0159","BS40F",".2","15--30","15--30",15,318.4,476.38,0.29,1.97,7.15,2.9,NA,NA,1.51,"M","SAND",5.39,1,0.7,"UMBS",96,63,13,2.9,88,0.3,10.3,9.2,2.3,4.6,0.9,0.2,1,0.73,16
"L14-0160","BS40F",".2","30--60","30--60",30,636.8,1080.15,0.33,0.01,16.12,6.4,"METAL, LEAK?",NA,1.71,"M",NA,NA,NA,0.2,"UMBS",NA,NA,NA,NA,NA,NA,NA,NA,NA,NA,NA,NA,NA,0.66,12
"L14-0161","BS40F",".2","60--100","60--100",40,849.1,1682.53,0.3,0.47,1.02,0.4,"MODERATE SILT AGGREGATES",NA,1.98,"M","LOAMY SAND",5.67,0.3,0.1,"JML",119,39,21,0.4,40.6,0.8,7,1,1.8,2.7,4.6,0,0.9,0,8
"L14-0163","BS40F",".3","Oe","Oe",NA,NA,51.61,0,0,0,0,NA,22.94,NA,NA,NA,NA,NA,45.2,"UMBS",NA,NA,NA,NA,NA,NA,NA,NA,NA,NA,NA,NA,NA,NA,10
"L14-0164","BS40F",".3","A","A",NA,NA,140.95,11.69,0,0,0,NA,62.64,NA,NA,"SAND",3.72,35.2,43.3,"UMBS",794,229,121,26.8,13.5,2.2,2.6,6.2,11.8,49.6,13.8,5.7,11.3,2.44,27
"L14-0165","BS40F",".3","0--15","0--15",15,318.4,357.35,0.48,0,0,0,NA,NA,1.12,"M",NA,NA,NA,1.1,"UMBS",NA,NA,NA,NA,NA,NA,NA,NA,NA,NA,NA,NA,NA,0.23,18
"L14-0166","BS40F",".3","15--30","15--30",15,318.4,497.5,0.1,0.12,0,0,"NO STONES",NA,1.56,"M","SAND",5.52,0.7,0.4,"UMBS",61,21,6,3.5,41.5,0.2,5.5,6.4,1.7,2.8,0.4,0,0.4,0.66,9
"L14-0167","BS40F",".3","30--60","30--60",30,636.8,1034.1,0.3,0.64,0,0,"NO STONES",NA,1.62,"M",NA,NA,NA,0.2,"UMBS",NA,NA,NA,NA,NA,NA,NA,NA,NA,NA,NA,NA,NA,0.37,11
"L14-0168","BS40F",".3","60--100","60--100",40,849.1,1713.34,0.17,0.17,0,0,NA,NA,2.02,"M","FINE SAND",5.98,0.2,0.1,"PLOTXDEPTH EST.",29,12,3,1.7,30.2,0.1,4,2,0.6,2.3,3.1,0,0.2,0,8
"L14-0170","BS40X",".1","Oe","Oe",NA,NA,39.61,0,0,0,0,NA,17.6,NA,NA,NA,NA,NA,47,"UMBS",NA,NA,NA,NA,NA,NA,NA,NA,NA,NA,NA,NA,NA,NA,8
"L14-0171","BS40X",".1","A","A",NA,NA,66.49,9.49,0,0,0,NA,29.55,NA,NA,"SAND",4.25,31.1,30.2,"UMBS",1081,251,127,36.2,9.6,0.7,2.4,134.9,8.4,25.7,10.1,3.7,10.8,1.98,9
"L14-0172","BS40X",".1","0--15","0--15",15,318.4,220.32,0.76,0,0,0,NA,NA,1.18,"G",NA,NA,NA,1,"JML",NA,NA,NA,NA,NA,NA,NA,NA,NA,NA,NA,NA,NA,1.8,17
"L14-0173","BS40X",".1","15--30","15--30",15,318.4,471.92,0.81,2.88,1.17,0.5,NA,NA,1.48,"M","SAND",4.8,0.9,0.7,"JML",24,27,5,1.6,148.1,0.8,19.2,3.8,2.5,8.8,2.1,0.8,1.1,1.26,16
"L14-0174","BS40X",".1","30--60","30--60",30,636.8,1022.13,0.57,2.41,1.64,0.7,"MODERATE SILTY AGGREGATES",NA,1.61,"M",NA,NA,NA,0.3,"AVG",NA,NA,NA,NA,NA,NA,NA,NA,NA,NA,NA,NA,NA,0.83,15
"L14-0175","BS40X",".1","60--100","60--100",40,849.1,1712.74,0.37,0.47,4.21,1.7,"MUCH SILT AGGREGATES",NA,2.02,"M","SANDY CLAY LOAM",4.65,0.2,0.2,"JML",210,21,42,0.4,98.7,3.2,12,1.1,10.4,11.9,6.2,1,2.5,0,12
"L14-0177","BS40X",".2","Oe","Oe",NA,NA,28.06,0,0,0,0,NA,12.47,NA,NA,NA,NA,NA,42,"UMBS",NA,NA,NA,NA,NA,NA,NA,NA,NA,NA,NA,NA,NA,NA,5
"L14-0178","BS40X",".2","A","A",NA,NA,88.37,15.46,0,0,0,NA,39.28,NA,NA,"SAND",4.83,13.1,21.7,"UMBS",1058,349,117,29.1,12.3,2.1,4.1,467,6.7,31.4,14.8,2.5,9.7,3.23,9
"L14-0179","BS40X",".2","0--15","0--15",15,318.4,380.65,0.64,0,0,0,NA,NA,1.2,"M",NA,NA,NA,0.7,"UMBS",NA,NA,NA,NA,NA,NA,NA,NA,NA,NA,NA,NA,NA,1.31,13
"L14-0180","BS40X",".2","15--30","15--30",15,318.4,431.9,0.59,0.54,9.04,3.6,NA,NA,1.37,"M","SAND",4.93,0.9,0.8,"UMBS",68,29,8,2.3,103.3,0.3,25.5,8.7,1.6,5.7,1.4,1.2,1.7,1.06,16
"L14-0181","BS40X",".2","30--60","30--60",30,636.8,1015.71,0.48,1.02,11.32,4.5,NA,NA,1.61,"M",NA,NA,NA,0.3,"UMBS",NA,NA,NA,NA,NA,NA,NA,NA,NA,NA,NA,NA,NA,0.38,16
"L14-0182","BS40X",".2","60--100","60--100",40,849.1,1304.04,0.17,1.07,1.63,0.7,NA,NA,1.54,"M","LOAMY SAND",5.45,0.2,0.2,"PLOTXDEPTH EST.",18,13,4,0.5,42.3,0.1,4.5,1.2,0.7,8.3,3.1,0,0.2,0,9
"L14-0184","BS40X",".3","Oe","Oe",NA,NA,33.77,0,0,0,0,NA,15.01,NA,NA,NA,NA,NA,40.8,"UMBS",NA,NA,NA,NA,NA,NA,NA,NA,NA,NA,NA,NA,NA,NA,6
"L14-0185","BS40X",".3","A","A",NA,NA,411.29,17.95,0,0,0,NA,182.8,NA,NA,"SAND",5.63,5.2,9.6,"UMBS",997,100,58,5.9,40.2,0.7,15.9,199.3,2,10.8,20.9,0.6,6.3,3.75,18
"L14-0186","BS40X",".3","0--15","0--15",15,318.4,399.03,0.51,0,0,0,NA,NA,1.25,"M",NA,NA,NA,0.9,"UMBS",NA,NA,NA,NA,NA,NA,NA,NA,NA,NA,NA,NA,NA,1.03,16
"L14-0187","BS40X",".3","15--30","15--30",15,318.4,492.68,0.47,0.53,0.12,0,NA,NA,1.55,"M","SAND",5.71,1.1,0.6,"UMBS",99,32,12,1.5,60.1,0.2,5.1,6.5,1.5,4.4,0.4,0,0.7,0.62,14
"L14-0188","BS40X",".3","30--60","30--60",30,636.8,987.04,0.28,0.95,0.14,0.1,NA,NA,1.55,"M",NA,NA,NA,0.3,"UMBS",NA,NA,NA,NA,NA,NA,NA,NA,NA,NA,NA,NA,NA,0.27,12
"L14-0189","BS40X",".3","60--100","60--100",40,849.1,1621.07,0.12,0.37,8.93,3.6,NA,NA,1.92,"M","SAND",5.7,0.2,0.2,"PLOTXDEPTH EST.",21,11,3,0.8,36.6,0.1,3.4,1.3,0.4,8.5,1.8,0,0.2,0,12
"L14-0191","BP361",".1","Oe","Oe",NA,NA,22.77,0,0,0,0,NA,10.12,NA,NA,NA,NA,NA,37.7,"UMBS",NA,NA,NA,NA,NA,NA,NA,NA,NA,NA,NA,NA,NA,NA,4
"L14-0192","BP361",".1","A","A",NA,NA,152.79,15.69,0,0,0,NA,67.91,NA,NA,"SAND",4.48,17.4,27.1,"UMBS",1093,311,175,30.4,21.3,0.6,8.2,198.5,10.8,40.7,10.3,3.3,11.1,3.28,18
"L14-0193","BP361",".1","0--15","0--15",15,318.4,313.12,1.17,3.39,7.58,3,NA,NA,0.99,"M",NA,NA,NA,1.1,"JML",NA,NA,NA,NA,NA,NA,NA,NA,NA,NA,NA,NA,NA,1.26,16
"L14-0194","BP361",".1","15--30","15--30",15,318.4,518.57,0.57,0.64,9.1,3.6,"CHARCOAL",NA,1.65,"M","SAND",5.04,0.6,0.5,"JML",18,8,4,0.7,91.3,0.1,7.2,12.9,0.9,3.9,1.1,0.4,0.6,0.94,13
"L14-0195","BP361",".1","30--60","30--60",30,636.8,1021.87,0.43,1.21,7.47,3,NA,NA,1.61,"M",NA,NA,NA,0.3,"JML",NA,NA,NA,NA,NA,NA,NA,NA,NA,NA,NA,NA,NA,0.03,17
"L14-0196","BP361",".1","60--100","60--100",40,849.1,1263.28,0.01,0.01,1.27,0.5,NA,NA,1.49,"M","SAND",5.87,0.2,0.1,"JML",13,4,3,0.3,35.2,0.1,4.2,1.3,0.8,2.2,11.1,0,0.1,0,5
"L14-0198","BP361",".2","Oe","Oe",NA,NA,27.08,0,0,0,0,NA,12.04,NA,NA,NA,NA,NA,27,"UMBS",NA,NA,NA,NA,NA,NA,NA,NA,NA,NA,NA,NA,NA,NA,3
"L14-0199","BP361",".2","A","A",NA,NA,96.97,4.61,0,0,0,NA,43.1,NA,NA,"SAND",4.89,8.8,16.2,"UMBS",761,102,116,13.8,9.9,1,4.1,100.1,3.7,12.1,9.4,2,7,0.96,7
"L14-0200","BP361",".2","0--15","0--15",15,318.4,420.11,0.75,2.7,0.67,0.3,NA,NA,1.32,"M",NA,NA,NA,0.4,"JML",NA,NA,NA,NA,NA,NA,NA,NA,NA,NA,NA,NA,NA,1.5,8
"L14-0201","BP361",".2","15--30","15--30",15,318.4,486.23,0.68,2.62,5.57,2.2,NA,NA,1.54,"M","SAND",5.03,0.9,0.5,"UMBS",13,8,6,0.7,109.4,0.2,8.3,7.7,1.8,16.7,1.8,0.2,0.4,1.5,11
"L14-0202","BP361",".2","30--60","30--60",30,636.8,1001.86,0.68,0.73,23.61,9.4,"CHARCOAL",NA,1.6,"M",NA,NA,NA,0.3,"PLOTXDEPTH EST.",NA,NA,NA,NA,NA,NA,NA,NA,NA,NA,NA,NA,NA,0.24,16
"L14-0203","BP361",".2","60--100","60--100",40,849.1,1287.22,0.11,0.11,2.36,0.9,NA,NA,1.52,"M","SAND",5.27,0.2,0.1,"PLOTXDEPTH EST.",4,3,1,0.3,38.4,0.1,4.6,0.4,0.5,6.9,9,0,0,0,5
"L14-0205","BP361",".3","Oe","Oe",NA,NA,18.41,0,0,0,0,NA,8.18,NA,NA,NA,NA,NA,32.4,"UMBS",NA,NA,NA,NA,NA,NA,NA,NA,NA,NA,NA,NA,NA,NA,3
"L14-0206","BP361",".3","A","A",NA,NA,169.55,47.1,0,0,0,NA,75.36,NA,NA,"SAND",4.85,10.7,22.6,"UMBS",1144,274,195,41.6,11.6,0.9,5.6,191.6,7.4,33,14.2,1.9,9.9,9.84,17
"L14-0207","BP361",".3","0--15","0--15",15,318.4,415.61,0.6,1.95,0.57,0.2,NA,NA,1.31,"M",NA,NA,NA,0.7,"JML",NA,NA,NA,NA,NA,NA,NA,NA,NA,NA,NA,NA,NA,1.36,14
"L14-0208","BP361",".3","15--30","15--30",15,318.4,526.85,0.62,0.02,3,1.2,NA,NA,1.66,"M","SAND",5.19,0.8,0.5,"UMBS",38,9,7,1.2,111.7,0.1,10.8,5,1.5,5.5,4.5,0.3,0.5,0.99,12
"L14-0209","BP361",".3","30--60","30--60",30,636.8,1029.46,0.45,0.05,14.32,5.7,NA,NA,1.63,"M",NA,NA,NA,0.3,"PLOTXDEPTH EST.",NA,NA,NA,NA,NA,NA,NA,NA,NA,NA,NA,NA,NA,0.02,17
"L14-0210","BP361",".3","60--100","60--100",40,849.1,1271.8,0.01,0.01,0.96,0.4,NA,NA,1.5,"M","SAND",5.74,0.4,0.1,"PLOTXDEPTH EST.",10,5,2,0.4,29.2,0.1,4,0.5,2.1,3.9,15.7,0,0.1,0,5
"L14-0212","BP362",".1","Oe","Oe",NA,NA,18.5,0,0,0,0,NA,8.22,NA,NA,NA,NA,NA,31.7,"UMBS",NA,NA,NA,NA,NA,NA,NA,NA,NA,NA,NA,NA,NA,NA,3
"L14-0213","BP362",".1","A","A",NA,NA,122.15,3.71,0,0,0,NA,54.29,NA,NA,"SAND",4.55,9.4,19.2,"UMBS",790,114,101,16.6,9.4,0.8,4.2,101.3,3.6,17.2,7.4,2.7,7.7,0.77,10
"L14-0214","BP362",".1","0--15","0--15",15,318.4,372.79,1.33,2.49,1.28,0.5,NA,NA,1.17,"M",NA,NA,NA,0.8,"JML",NA,NA,NA,NA,NA,NA,NA,NA,NA,NA,NA,NA,NA,2.36,14
"L14-0215","BP362",".1","15--30","15--30",15,318.4,505.08,1.07,0.25,4.49,1.8,NA,NA,1.6,"M","SAND",5.12,1.1,0.5,"JML",31,11,7,1.4,131.1,0.2,14.2,2.2,1.7,7.4,1.5,0.4,0.6,1.25,11
"L14-0216","BP362",".1","30--60","30--60",30,636.8,880.51,0.57,1.26,5.02,2,NA,NA,1.39,"M",NA,NA,NA,0.2,"JML",NA,NA,NA,NA,NA,NA,NA,NA,NA,NA,NA,NA,NA,0.95,10
"L14-0217","BP362",".1","60--100","60--100",40,849.1,1161.58,0.43,0.35,0,0,NA,NA,1.37,"M","SAND",5.47,0.5,0.1,"JML",12,7,3,1.2,29.9,0.1,4.1,0.9,2.8,6.1,3.6,0,0.1,0,4
"L14-0219","BP362",".2","Oe","Oe",NA,NA,28.98,0,0,0,0,NA,12.88,NA,NA,NA,NA,NA,37.6,"UMBS",NA,NA,NA,NA,NA,NA,NA,NA,NA,NA,NA,NA,NA,NA,5
"L14-0220","BP362",".2","A","A",NA,NA,178.27,18.01,0,0,0,NA,79.23,NA,NA,"SAND",4.56,7.6,14.7,"UMBS",584,163,89,15.2,15.9,0.6,9.7,43.5,2.9,19.8,5.1,2.3,6.4,3.76,12
"L14-0221","BP362",".2","0--15","0--15",15,318.4,359.79,0.71,1.62,0.99,0.4,NA,NA,1.13,"M",NA,NA,NA,1.3,"JML",NA,NA,NA,NA,NA,NA,NA,NA,NA,NA,NA,NA,NA,0.84,21
"L14-0222","BP362",".2","15--30","15--30",15,318.4,502.13,0.38,5.94,8.35,3.3,NA,NA,1.59,"M","SAND",4.74,1,0.6,"UMBS",21,8,5,1.6,71.9,0.1,9.3,10.6,1.4,3.5,2,1.1,1.3,1.57,15
"L14-0223","BP362",".2","30--60","30--60",30,636.8,966.26,0.71,3.35,28.76,11.5,NA,NA,1.55,"M",NA,NA,NA,0.2,"PLOTXDEPTH EST.",NA,NA,NA,NA,NA,NA,NA,NA,NA,NA,NA,NA,NA,0.31,11
"L14-0224","BP362",".2","60--100","60--100",40,849.1,1213.28,0.14,0.56,46.14,18.5,NA,NA,1.46,"M","SAND",5.45,0.6,0.1,"PLOTXDEPTH EST.",13,6,3,0.3,45.9,0.1,4.1,1.4,2.5,4.6,7,0,0.1,0,5
"L14-0226","BP362",".3","Oe","Oe",NA,NA,23.13,0,0,0,0,NA,10.28,NA,NA,NA,NA,NA,40.8,"UMBS",NA,NA,NA,NA,NA,NA,NA,NA,NA,NA,NA,NA,NA,NA,4
"L14-0227","BP362",".3","A","A",NA,NA,107.48,23.86,0,0,0,NA,47.77,NA,NA,"SAND",4.76,7,9.4,"UMBS",577,370,146,20.7,32.9,1.4,NA,192,3.1,66.5,8,1.7,6.8,4.98,4
"L14-0228","BP362",".3","0--15","0--15",15,318.4,356.31,5.29,1.23,0.53,0.2,NA,NA,1.12,"M",NA,NA,NA,0.6,"JML",NA,NA,NA,NA,NA,NA,NA,NA,NA,NA,NA,NA,NA,1.3,10
"L14-0229","BP362",".3","15--30","15--30",15,318.4,493.27,0.59,0.56,6.73,2.7,NA,NA,1.56,"M","SAND",4.9,0.8,0.5,"UMBS",17,11,6,0.8,119.5,0.1,10.4,7.5,1.6,8.7,1.2,0.6,0.8,0.37,12
"L14-0230","BP362",".3","30--60","30--60",30,636.8,933.29,0.17,4.39,2.41,1,NA,NA,1.47,"M",NA,NA,NA,0.2,"PLOTXDEPTH EST.",NA,NA,NA,NA,NA,NA,NA,NA,NA,NA,NA,NA,NA,0.68,10
"L14-0231","BP362",".3","60--100","60--100",40,849.1,1217.81,0.31,0,2.79,1.1,NA,NA,1.44,"M","SAND",5.69,0.4,0.1,"PLOTXDEPTH EST.",11,6,3,0.3,32,0.1,4,0.4,1.4,3,8.7,0,0.1,0,5
"L14-0233","BP541",".1","Oe","Oe",NA,NA,30.48,0,0,0,0,NA,13.55,NA,NA,NA,NA,NA,37.7,"UMBS",NA,NA,NA,NA,NA,NA,NA,NA,NA,NA,NA,NA,NA,NA,5
"L14-0234","BP541",".1","A","A",NA,NA,193.88,12.53,0,0,0,NA,86.17,NA,NA,"SAND",4.36,12.5,12.3,"UMBS",919,180,170,24.5,10.6,2.6,3.7,94.1,6.9,28.4,24.6,3.6,10.1,2.62,11
"L14-0235","BP541",".1","0--15","0--15",15,318.4,337.74,0.66,4.41,0.42,0.2,NA,NA,1.06,"M",NA,NA,NA,0.7,"JML",NA,NA,NA,NA,NA,NA,NA,NA,NA,NA,NA,NA,NA,1.48,12
"L14-0236","BP541",".1","15--30","15--30",15,318.4,510,0.67,1.87,5.64,2.3,"METAL",NA,1.61,"M","SAND",4.66,0.5,0.3,"JML",8,7,3,0.9,74.4,0.1,10.8,4.1,4.8,2.7,2.5,1.1,1.2,1.22,7
"L14-0237","BP541",".1","30--60","30--60",30,636.8,1276.14,0.55,2.17,27.74,11.1,NA,NA,1.57,"G",NA,NA,NA,0.3,"PLOTXDEPTH EST.",NA,NA,NA,NA,NA,NA,NA,NA,NA,NA,NA,NA,NA,0.89,15
"L14-0238","BP541",".1","60--100","60--100",40,849.1,1405.08,0.4,1.13,50.4,20.2,NA,NA,1.7,"M","GRAVELLY SAND",5.76,0.5,0.1,"PLOTXDEPTH EST.",29,5,7,0.3,35.1,0.1,4.2,0.4,2,6.1,6.1,0,0.2,0,8
"L14-0240","BP541",".2","Oe","Oe",NA,NA,30.03,0,0,0,0,NA,13.35,NA,NA,NA,NA,NA,41.2,"UMBS",NA,NA,NA,NA,NA,NA,NA,NA,NA,NA,NA,NA,NA,NA,6
"L14-0241","BP541",".2","A","A",NA,NA,53.98,3.34,0,0,0,NA,23.99,NA,NA,"SAND",4.92,12.6,21.6,"UMBS",1257,288,188,35,15.1,0.5,8.4,194.9,7.1,33,11.8,1.9,10.5,0.7,5
"L14-0242","BP541",".2","0--15","0--15",15,318.4,313.25,1.2,1.73,2.79,1.1,NA,NA,0.99,"M",NA,NA,NA,0.7,"JML",NA,NA,NA,NA,NA,NA,NA,NA,NA,NA,NA,NA,NA,2.91,11
"L14-0243","BP541",".2","15--30","15--30",15,318.4,471.26,1.32,2.42,9.05,3.6,"METAL",NA,1.5,"M","SAND",4.97,1.3,0.6,"UMBS",19,9,5,1,143.2,0.2,10.8,3.4,1.4,6.5,1.8,0.5,0.7,1.12,14
"L14-0244","BP541",".2","30--60","30--60",30,636.8,987.66,0.5,0.33,62.33,24.9,NA,NA,1.61,"M",NA,NA,NA,0.3,"JML",NA,NA,NA,NA,NA,NA,NA,NA,NA,NA,NA,NA,NA,0.29,15
"L14-0245","BP541",".2","60--100","60--100",40,849.1,1555.7,0.13,0.22,34.19,13.7,NA,NA,1.86,"M","SAND",5.41,0.2,0.1,"JML",10,6,3,0.5,46,0.1,6.5,0.9,2.2,2.5,6.9,0,0.1,0,8
"L14-0247","BP541",".3","Oe","Oe",NA,NA,29.43,0,0,0,0,NA,13.08,NA,NA,NA,NA,NA,32.9,"UMBS",NA,NA,NA,NA,NA,NA,NA,NA,NA,NA,NA,NA,NA,NA,4
"L14-0248","BP541",".3","A","A",NA,NA,86.29,3.27,0,0,0,NA,38.35,NA,NA,"SAND",4.61,10,23.8,"UMBS",1013,257,166,37.4,13.4,0.7,6.4,221.2,8.8,35.9,9.2,2.6,9.8,0.68,9
"L14-0249","BP541",".3","0--15","0--15",15,318.4,318,0.36,0.9,1.04,0.4,NA,NA,1,"M",NA,NA,NA,0.6,"JML",NA,NA,NA,NA,NA,NA,NA,NA,NA,NA,NA,NA,NA,2.53,9
"L14-0250","BP541",".3","15--30","15--30",15,318.4,486.72,1.14,1.78,3.27,1.3,"METAL",NA,1.53,"M","SAND",4.95,0.3,0.4,"UMBS",38,5,5,0.6,51.3,0.2,12.8,3.3,0.8,2.1,1.6,0.5,0.8,3.26,10
"L14-0251","BP541",".3","30--60","30--60",30,636.8,963.08,1.47,0.57,4.93,2,"CHARCOAL",NA,1.52,"M",NA,NA,NA,0.3,"PLOTXDEPTH EST.",NA,NA,NA,NA,NA,NA,NA,NA,NA,NA,NA,NA,NA,0.34,14
"L14-0252","BP541",".3","60--100","60--100",40,849.1,1073.78,0.15,0,247.6,99,NA,NA,1.43,"M","GRAVELLY SAND",5.8,0.9,0.1,"PLOTXDEPTH EST.",60,10,5,0.3,63.6,0.1,4.8,0.7,2.8,3.6,4,0,0.4,0,6
"L14-0254","BP542",".1","Oe","Oe",NA,NA,16.68,0,0,0,0,NA,7.41,NA,NA,NA,NA,NA,36.3,"UMBS",NA,NA,NA,NA,NA,NA,NA,NA,NA,NA,NA,NA,NA,NA,3
"L14-0255","BP542",".1","A","A",NA,NA,142.17,11.29,0,0,0,NA,63.19,NA,NA,"SAND",4.89,8.8,25.7,"UMBS",1279,197,190,32.7,7.7,1.3,3.2,223.6,4.7,25.4,15.5,2.1,10.6,2.36,16
"L14-0256","BP542",".1","0--15","0--15",15,318.4,300.47,0.68,1.67,0.46,0.2,NA,NA,0.94,"M",NA,NA,NA,0.5,"JML",NA,NA,NA,NA,NA,NA,NA,NA,NA,NA,NA,NA,NA,3.55,7
"L14-0257","BP542",".1","15--30","15--30",15,318.4,520.59,1.6,0.21,1.88,0.8,NA,NA,1.64,"M","SAND",5.06,0.5,0.4,"JML",36,14,9,1.3,108,0.2,10.5,2,1.7,4.4,2.2,0.4,0.7,0.94,9
"L14-0258","BP542",".1","30--60","30--60",30,636.8,1035.96,0.42,0.35,11.85,4.7,NA,NA,1.64,"M",NA,NA,NA,0.4,"JML",NA,NA,NA,NA,NA,NA,NA,NA,NA,NA,NA,NA,NA,0.15,20
"L14-0259","BP542",".1","60--100","60--100",40,849.1,1285.82,0.07,0.03,7.12,2.8,NA,NA,1.52,"M","SAND",5.91,0.4,0.1,"JML",20,6,5,0.3,31.2,0.1,3.8,0.2,1.2,3,9.9,0,0.2,0,5
"L14-0261","BP542",".2","Oe","Oe",NA,NA,24.58,0,0,0,0,NA,10.92,NA,NA,NA,NA,NA,43.7,"UMBS",NA,NA,NA,NA,NA,NA,NA,NA,NA,NA,NA,NA,NA,NA,5
"L14-0262","BP542",".2","A","A",NA,NA,180.11,12.13,0,0,0,NA,80.05,NA,NA,"SAND",4.93,16,32.6,"UMBS",1464,316,193,45.2,13.7,0.5,6.4,313.5,8.9,35.2,7.2,1.8,11.5,2.53,26
"L14-0263","BP542",".2","0--15","0--15",15,318.4,324.63,0.5,0.29,1.42,0.6,NA,NA,1.02,"M",NA,NA,NA,0.9,"JML",NA,NA,NA,NA,NA,NA,NA,NA,NA,NA,NA,NA,NA,5.05,14
"L14-0264","BP542",".2","15--30","15--30",15,318.4,678.08,2.28,2.14,0.13,0.1,"METAL",NA,1.46,"G","SAND",4.74,0.5,0.5,"UMBS",18,13,5,1.3,113.8,0.2,13.1,2.5,1.5,4.7,1.3,0.8,1,1.66,11
"L14-0265","BP542",".2","30--60","30--60",30,636.8,913.91,0.75,0.29,12.36,4.9,NA,NA,1.45,"M",NA,NA,NA,0.4,"PLOTXDEPTH EST.",NA,NA,NA,NA,NA,NA,NA,NA,NA,NA,NA,NA,NA,0.13,17
"L14-0266","BP542",".2","60--100","60--100",40,849.1,1265.83,0.06,0.15,0.66,0.3,"HOLE IN BAG",NA,1.49,"M","SAND",5.44,0.4,0.1,"PLOTXDEPTH EST.",11,6,2,0.2,35.5,0.1,3.9,0.4,2,1.8,7.1,0,0.1,0,5
"L14-0268","BP542",".3","Oe","Oe",NA,NA,13.16,0,0,0,0,NA,5.85,NA,NA,NA,NA,NA,37.2,"UMBS",NA,NA,NA,NA,NA,NA,NA,NA,NA,NA,NA,NA,NA,NA,2
"L14-0269","BP542",".3","A","A",NA,NA,167.52,6.4,0,0,0,NA,74.45,NA,NA,"SAND",4.89,14.4,14.9,"UMBS",1094,263,140,24.9,15.3,0.8,6.5,301.4,5,26.7,5.9,1.9,9.2,1.34,11
"L14-0270","BP542",".3","0--15","0--15",15,318.4,333.09,0.84,0.63,11.97,4.8,NA,NA,1.06,"M",NA,NA,NA,0.7,"JML",NA,NA,NA,NA,NA,NA,NA,NA,NA,NA,NA,NA,NA,3.55,12
"L14-0271","BP542",".3","15--30","15--30",15,318.4,466.02,1.61,3.04,23.96,9.6,NA,NA,1.51,"M","SAND",4.98,0.7,0.5,"UMBS",51,14,9,0.8,108.9,0.2,10.3,9.7,1.8,4.5,2.4,0.8,1.2,1.21,12
"L14-0272","BP542",".3","30--60","30--60",30,636.8,1012.2,0.55,0.1,10.31,4.1,NA,NA,1.6,"M",NA,NA,NA,0.4,"PLOTXDEPTH EST.",NA,NA,NA,NA,NA,NA,NA,NA,NA,NA,NA,NA,NA,0,19
"L14-0273","BP542",".3","60--100","60--100",40,849.1,1227.58,0,0.67,0.01,0,NA,NA,1.45,"M","SAND",5.87,1.6,0.1,"PLOTXDEPTH EST.",14,5,3,0.3,28.5,0.1,4,0.8,1.5,2.3,12.5,0,0.1,0,5
"L14-0275","BP801",".1","Oe","Oe",NA,NA,56.98,0,0,0,0,NA,25.32,NA,NA,NA,NA,NA,39.5,"UMBS",NA,NA,NA,NA,NA,NA,NA,NA,NA,NA,NA,NA,NA,NA,10
"L14-0276","BP801",".1","A","A",NA,NA,162.13,21.3,0,0,0,NA,72.06,NA,NA,"SAND",4.6,13.8,27,"UMBS",1154,295,190,33.1,12,0.8,4.1,108.6,5.3,38.3,14.3,2.8,10.9,4.45,19
"L14-0277","BP801",".1","0--15","0--15",15,318.4,376.36,0.49,1.5,0.84,0.3,NA,NA,1.18,"M",NA,NA,NA,0.7,"JML",NA,NA,NA,NA,NA,NA,NA,NA,NA,NA,NA,NA,NA,1.35,12
"L14-0278","BP801",".1","15--30","15--30",15,318.4,420.18,0.61,0.46,2.07,0.8,NA,NA,1.32,"M","SAND",4.97,0.6,0.3,"JML",23,11,5,1,62,0.2,8.7,18.3,1.6,3.2,1.1,0.4,0.6,0.16,6
"L14-0279","BP801",".1","30--60","30--60",30,636.8,997.54,0.07,7.95,4.42,1.8,NA,NA,1.57,"M",NA,NA,NA,0.3,"JML",NA,NA,NA,NA,NA,NA,NA,NA,NA,NA,NA,NA,NA,0.01,12
"L14-0280","BP801",".1","60--100","60--100",40,849.1,1570.41,0.01,0.33,1.43,0.6,NA,NA,1.85,"M","SAND",6.03,0.4,0.1,"JML",18,7,3,0.4,27.7,0.1,3.2,0.9,1.2,3.4,4,0,0.1,0,4
"L14-0282","BP801",".2","Oe","Oe",NA,NA,24.24,0,0,0,0,NA,10.77,NA,NA,NA,NA,NA,31.3,"UMBS",NA,NA,NA,NA,NA,NA,NA,NA,NA,NA,NA,NA,NA,NA,3
"L14-0283","BP801",".2","A","A",NA,NA,189.65,15.28,0,0,0,"TONS OF HYPHAE",84.29,NA,NA,"SAND",4.37,13.6,20,"UMBS",922,259,131,28.4,11.5,0.6,3.8,88.1,4.9,27.2,8.4,3.6,9.9,3.19,17
"L14-0284","BP801",".2","0--15","0--15",15,318.4,416.23,5.54,1.95,1.54,0.6,NA,NA,1.31,"M",NA,NA,NA,0.8,"JML",NA,NA,NA,NA,NA,NA,NA,NA,NA,NA,NA,NA,NA,1.25,16
"L14-0285","BP801",".2","15--30","15--30",15,318.4,395.27,0.57,17.68,2.28,0.9,NA,NA,1.25,"M","SAND",4.84,1,0.6,"UMBS",122,33,13,1.6,109.4,0.2,9.8,5.5,1.6,6.4,3.4,0.9,1.7,1.58,11
"L14-0286","BP801",".2","30--60","30--60",30,636.8,1024.31,0.72,4.68,4.76,1.9,"METAL",NA,1.61,"M",NA,NA,NA,0.3,"PLOTXDEPTH EST.",NA,NA,NA,NA,NA,NA,NA,NA,NA,NA,NA,NA,NA,0.09,13
"L14-0287","BP801",".2","60--100","60--100",40,849.1,1275.26,0.04,0.02,0.35,0.1,NA,NA,1.5,"M","SAND",6.42,0.2,0.1,"PLOTXDEPTH EST.",44,14,10,1.1,24.3,0.1,3,1.6,2,1.4,9.6,0,0.3,0,3
"L14-0289","BP801",".3","Oe","Oe",NA,NA,16.91,0,0,0,0,NA,7.52,NA,NA,NA,NA,NA,36.2,"UMBS",NA,NA,NA,NA,NA,NA,NA,NA,NA,NA,NA,NA,NA,NA,3
"L14-0290","BP801",".3","A","A",NA,NA,63.82,1.03,0,0,0,NA,28.36,NA,NA,"SAND",5.21,8.6,16,"UMBS",918,93,111,11.2,18.6,0.5,4.3,72.3,3.6,11.1,11.3,1.4,7.2,0.22,5
"L14-0291","BP801",".3","0--15","0--15",15,318.4,449.36,0.4,0.16,6.69,2.7,NA,NA,1.42,"M",NA,NA,NA,0.4,"JML",NA,NA,NA,NA,NA,NA,NA,NA,NA,NA,NA,NA,NA,0.25,9
"L14-0292","BP801",".3","15--30","15--30",15,318.4,318.4,0.11,0.12,8.99,3.6,NA,NA,1.46,"G","SAND",5.22,1.2,0.4,"UMBS",18,18,5,1,109.1,0.2,5.6,1.4,1.7,13.7,1.2,0,0.2,0.8,8
"L14-0293","BP801",".3","30--60","30--60",30,636.8,1113.12,0.36,1.24,24.18,9.7,"METAL",NA,1.77,"M",NA,NA,NA,0.3,"PLOTXDEPTH EST.",NA,NA,NA,NA,NA,NA,NA,NA,NA,NA,NA,NA,NA,0,14
"L14-0294","BP801",".3","60--100","60--100",40,849.1,1276.94,0,0.02,4.43,1.8,"NO ROOTS",NA,1.51,"M","SAND",5.63,0.2,0.1,"PLOTXDEPTH EST.",7,7,1,0.3,29.1,0.1,2.8,0.9,1.6,10,28.6,0,0.1,0,3
"L14-0296","BP802",".1","Oe","Oe",NA,NA,20.69,0,0,0,0,NA,9.2,NA,NA,NA,NA,NA,38.4,"UMBS",NA,NA,NA,NA,NA,NA,NA,NA,NA,NA,NA,NA,NA,NA,4
"L14-0297","BP802",".1","A","A",NA,NA,25.41,1.1,0,0,0,NA,11.29,NA,NA,"SAND",5.09,23.9,29.5,"UMBS",1674,203,232,46.5,8.3,1.1,2.8,180.9,8,20,12.3,1.5,12.3,0.23,3
"L14-0298","BP802",".1","0--15","0--15",15,318.4,381.78,0.93,2.89,2.88,1.2,NA,NA,1.2,"M",NA,NA,NA,1,"JML",NA,NA,NA,NA,NA,NA,NA,NA,NA,NA,NA,NA,NA,4.88,17
"L14-0299","BP802",".1","15--30","15--30",15,318.4,429.37,2.2,1.13,4.5,1.8,"HYPHAE",NA,1.36,"M","SAND",4.61,0.8,0.4,"JML",15,10,4,3.7,104.7,0.3,19.6,2.7,2.1,4.6,1.9,1.1,1.2,1.1,9
"L14-0300","BP802",".1","30--60","30--60",30,636.8,984.72,0.5,0.6,4.36,1.7,"METAL",NA,1.55,"M",NA,NA,NA,0.2,"JML",NA,NA,NA,NA,NA,NA,NA,NA,NA,NA,NA,NA,NA,0.31,11
"L14-0301","BP802",".1","60--100","60--100",40,849.1,1558.64,0.14,0.03,9.12,3.6,NA,NA,1.84,"M","SAND",5.31,0.8,0.1,"PLOTXDEPTH EST.",5,4,1,0.3,39.7,0.1,3.7,0.9,2.7,26.3,16,0,0.1,0,6
"L14-0303","BP802",".2","Oe","Oe",NA,NA,21.27,0,0,0,0,NA,9.45,NA,NA,NA,NA,NA,38.5,"UMBS",NA,NA,NA,NA,NA,NA,NA,NA,NA,NA,NA,NA,NA,NA,4
"L14-0304","BP802",".2","A","A",NA,NA,184.26,32.76,0,0,0,NA,81.89,NA,NA,"SAND",4.82,12,20.7,"UMBS",897,265,158,36.3,9.8,0.6,4.8,246.6,4.7,25.3,7.1,2,8.5,6.84,17
"L14-0305","BP802",".2","0--15","0--15",15,318.4,397.65,0.84,1.13,3.47,1.4,NA,NA,1.25,"M",NA,NA,NA,0.5,"JML",NA,NA,NA,NA,NA,NA,NA,NA,NA,NA,NA,NA,NA,1.01,10
"L14-0306","BP802",".2","15--30","15--30",15,318.4,402.59,0.46,0.42,51.23,20.5,NA,NA,1.35,"M","SAND",4.84,1,0.6,"UMBS",31,9,6,0.8,122.2,0.1,11.8,4.8,2.4,5.1,3.4,0.8,1,2.87,13
"L14-0307","BP802",".2","30--60","30--60",30,636.8,1065.7,1.3,0.38,30.54,12.2,"METAL",NA,1.71,"M",NA,NA,NA,0.2,"PLOTXDEPTH EST.",NA,NA,NA,NA,NA,NA,NA,NA,NA,NA,NA,NA,NA,0.48,12
"L14-0308","BP802",".2","60--100","60--100",40,849.1,1354.23,0.22,0.07,8.24,3.3,NA,NA,1.6,"M","GRAVELLY SAND",5.59,0.7,0.1,"JML",11,5,2,0.3,38.5,0.1,4.9,0.7,1.4,5.3,15.4,0,0.1,0,5
"L14-0310","BP802",".3","Oe","Oe",NA,NA,21.46,0,0,0,0,NA,9.54,NA,NA,NA,NA,NA,33.5,"UMBS",NA,NA,NA,NA,NA,NA,NA,NA,NA,NA,NA,NA,NA,NA,3
"L14-0311","BP802",".3","A","A",NA,NA,162.5,2.65,0,0,0,NA,72.22,NA,NA,"SAND",4.77,10.4,18.5,"UMBS",985,185,134,23.9,16.1,1.6,6.3,124.9,6.2,23.3,14.2,2.2,8.8,0.55,13
"L14-0312","BP802",".3","0--15","0--15",15,318.4,340.4,0.76,1.99,0.24,0.1,NA,NA,1.07,"M",NA,NA,NA,1,"JML",NA,NA,NA,NA,NA,NA,NA,NA,NA,NA,NA,NA,NA,2.04,16
"L14-0313","BP802",".3","15--30","15--30",15,318.4,499.22,0.92,0.34,1.02,0.4,"CHARCOAL",NA,1.57,"M","SAND",4.86,0.8,0.5,"UMBS",14,11,3,0.8,99.9,0.2,9.2,6.5,1.9,6.3,2,0.5,0.7,0.83,13
"L14-0314","BP802",".3","30--60","30--60",30,636.8,1069.16,0.38,0.28,8.46,3.4,"METAL",NA,1.69,"M",NA,NA,NA,0.2,"PLOTXDEPTH EST.",NA,NA,NA,NA,NA,NA,NA,NA,NA,NA,NA,NA,NA,0.13,12
"L14-0315","BP802",".3","60--100","60--100",40,849.1,1234.92,0.06,0,5.65,2.3,"NO WOOD",NA,1.46,"M","SAND",5.54,0.6,0.1,"PLOTXDEPTH EST.",6,4,1,0.3,32.2,0,4,0.7,1.4,4.1,8.4,0,0.1,0,4
"L14-0317","BP803",".1","Oe","Oe",NA,NA,22.45,0,0,0,0,NA,9.98,NA,NA,NA,NA,NA,35.7,"UMBS",NA,NA,NA,NA,NA,NA,NA,NA,NA,NA,NA,NA,NA,NA,4
"L14-0318","BP803",".1","A","A",NA,NA,102.88,13.19,0,0,0,NA,45.72,NA,NA,"SAND",4.97,10.1,20.3,"UMBS",1137,173,224,21.1,10.5,0.6,3.5,101.8,2.6,17.9,10.8,1.8,9.7,2.76,9
"L14-0319","BP803",".1","0--15","0--15",15,318.4,324.65,5.13,0.87,0.45,0.2,NA,NA,1.02,"M",NA,NA,NA,1.2,"JML",NA,NA,NA,NA,NA,NA,NA,NA,NA,NA,NA,NA,NA,1.59,19
"L14-0320","BP803",".1","15--30","15--30",15,318.4,449.41,0.72,7.45,8,3.2,NA,NA,1.43,"M","SAND",4.77,0.8,0.5,"JML",72,11,12,2.8,107.3,0.1,21.2,4.1,1.7,3.5,4.5,0.8,1.3,1.25,11
"L14-0321","BP803",".1","30--60","30--60",30,636.8,995.34,0.56,0.74,29.38,11.8,"METAL, CHARCOAL",NA,1.59,"M",NA,NA,NA,0.3,"JML",NA,NA,NA,NA,NA,NA,NA,NA,NA,NA,NA,NA,NA,1.26,16
"L14-0322","BP803",".1","60--100","60--100",40,849.1,1309.68,0.57,1.44,107.28,42.9,NA,NA,1.62,"M","SANDY CLAY LOAM",5.78,0.8,0.1,"JML",209,17,84,0.3,47.8,1.2,3.2,2.9,4.8,3.5,3.2,0,1.8,0,8
"L14-0324","BP803",".2","Oe","Oe",NA,NA,22.38,0,0,0,0,NA,9.95,NA,NA,NA,NA,NA,36.1,"UMBS",NA,NA,NA,NA,NA,NA,NA,NA,NA,NA,NA,NA,NA,NA,4
"L14-0325","BP803",".2","A","A",NA,NA,137.45,10.85,0,0,0,"TONS OF HYPHAE",61.09,NA,NA,"SAND",4.92,9.6,20.6,"UMBS",970,155,117,20.1,10.9,1.1,4.5,130.2,4,17.8,12.7,1.8,8,2.27,13
"L14-0326","BP803",".2","0--15","0--15",15,318.4,386.82,0.41,5.15,0.72,0.3,NA,NA,1.22,"M",NA,NA,NA,0.8,"JML",NA,NA,NA,NA,NA,NA,NA,NA,NA,NA,NA,NA,NA,4.46,15
"L14-0327","BP803",".2","15--30","15--30",15,318.4,415.78,2.02,5.32,4.16,1.7,"HYPHAE",NA,1.31,"M","SAND",5.09,1.2,0.6,"UMBS",39,14,7,4.1,102,0.3,10.2,5.4,1.4,4.7,1.4,0.6,0.9,2.48,11
"L14-0328","BP803",".2","30--60","30--60",30,636.8,1053.85,1.12,0.24,34.87,13.9,"METAL",NA,1.69,"M",NA,NA,NA,0.3,"PLOTXDEPTH EST.",NA,NA,NA,NA,NA,NA,NA,NA,NA,NA,NA,NA,NA,0.48,17
"L14-0329","BP803",".2","60--100","60--100",40,849.1,1563.55,0.22,0.02,15.65,6.3,"METAL",NA,1.86,"M","SAND",5.69,0.4,0.1,"PLOTXDEPTH EST.",8,6,2,0.4,31.9,0.2,4.5,0.4,0.6,2.9,4.8,0,0.1,0,9
"L14-0331","BP803",".3","Oe","Oe",NA,NA,34.71,0,0,0,0,NA,15.43,NA,NA,NA,NA,NA,23.9,"UMBS",NA,NA,NA,NA,NA,NA,NA,NA,NA,NA,NA,NA,NA,NA,4
"L14-0332","BP803",".3","A","A",NA,NA,301.18,14.55,0,0,0,NA,133.86,NA,NA,"SAND",4.84,7.6,11.9,"UMBS",1012,194,147,16,31.8,1,11.2,343.1,4.4,28.4,11.2,2,8.8,3.04,16
"L14-0333","BP803",".3","0--15","0--15",15,318.4,402.76,1.67,3.23,2.82,1.1,NA,NA,1.27,"M",NA,NA,NA,1.2,"JML",NA,NA,NA,NA,NA,NA,NA,NA,NA,NA,NA,NA,NA,1.1,23
"L14-0334","BP803",".3","15--30","15--30",15,318.4,466.28,0.5,1.52,9.69,3.9,"METAL",NA,1.48,"M","SAND",5.2,1.6,0.8,"UMBS",79,14,8,1.1,145.7,0.2,6.7,2.1,2.2,7.3,0.9,0.4,0.9,1.35,18
"L14-0335","BP803",".3","30--60","30--60",30,636.8,1087.36,0.61,2.58,24.07,9.6,"METAL",NA,1.73,"M",NA,NA,NA,0.3,"PLOTXDEPTH EST.",NA,NA,NA,NA,NA,NA,NA,NA,NA,NA,NA,NA,NA,0,17
"L14-0336","BP803",".3","60--100","60--100",40,849.1,1405.66,0,0.24,11.88,4.8,"METAL",NA,1.66,"M","LOAMY SAND",5.92,0.2,0.1,"PLOTXDEPTH EST.",61,8,8,0.5,24.2,0.2,3.1,1,1.8,1.3,9.9,0,0.4,0,8
"L14-0338","BP981",".1","Oe","Oe",NA,NA,24.44,0,0,0,0,NA,10.86,NA,NA,NA,NA,NA,37.7,"UMBS",NA,NA,NA,NA,NA,NA,NA,NA,NA,NA,NA,NA,NA,NA,4
"L14-0339","BP981",".1","A","A",NA,NA,180.49,6.63,0,0,0,"LOTS OF CHARCOAL",80.22,NA,NA,"SAND",5.22,8.3,10.3,"UMBS",1742,99,233,10.7,18.1,0.5,6.3,100.5,2.6,15.9,16.2,1.7,12.6,1.38,8
"L14-0340","BP981",".1","0--15","0--15",15,318.4,356.26,1.1,3.24,16.8,6.7,NA,NA,1.14,"M",NA,NA,NA,0.9,"JML",NA,NA,NA,NA,NA,NA,NA,NA,NA,NA,NA,NA,NA,2.06,16
"L14-0341","BP981",".1","15--30","15--30",15,318.4,461.8,0.93,0.36,12.75,5.1,"METAL",NA,1.47,"M","SAND",5.15,0.9,0.6,"JML",38,14,6,0.7,135.8,0.4,5.8,1.1,2.1,18.1,0.8,0.3,0.6,1.68,13
"L14-0342","BP981",".1","30--60","30--60",30,636.8,955.78,0.76,1.64,6.27,2.5,"METAL",NA,1.51,"M",NA,NA,NA,0.2,"JML",NA,NA,NA,NA,NA,NA,NA,NA,NA,NA,NA,NA,NA,0.35,10
"L14-0343","BP981",".1","60--100","60--100",40,849.1,1325.21,0.16,0.44,122.94,49.2,NA,NA,1.66,"M","GRAVELLY SAND",5.34,0.4,0,"JML",13,8,3,0.7,42.5,0.2,4.2,1.3,2.4,3.3,2.1,0,0.1,0,3
"L14-0345","BP981",".2","Oe","Oe",NA,NA,21.74,0,0,0,0,NA,9.66,NA,NA,NA,NA,NA,33.3,"UMBS",NA,NA,NA,NA,NA,NA,NA,NA,NA,NA,NA,NA,NA,NA,3
"L14-0346","BP981",".2","A","A",NA,NA,24.74,0,0,0,0,"CHARCOAL, NO ROOTS",11,NA,NA,"SAND",5.73,NA,11.9,"UMBS",1312,83,148,16.9,5,0.3,1.9,111,0.1,8.3,8.1,0.4,8.4,0,1
"L14-0347","BP981",".2","0--15","0--15",15,318.4,447.76,0.96,1.52,1.33,0.5,NA,NA,1.41,"M",NA,NA,NA,0.7,"JML",NA,NA,NA,NA,NA,NA,NA,NA,NA,NA,NA,NA,NA,0.83,14
"L14-0348","BP981",".2","15--30","15--30",15,318.4,476.43,0.38,1.84,13.71,5.5,NA,NA,1.52,"M","SAND",5.26,0.5,0.5,"UMBS",98,11,15,1.6,43.9,0.1,5.4,1.4,2,2.1,1.5,0,0.7,1.04,10
"L14-0349","BP981",".2","30--60","30--60",30,636.8,950.07,0.47,7.76,11.38,4.6,"METAL",NA,1.5,"M",NA,NA,NA,0.2,"PLOTXDEPTH EST.",NA,NA,NA,NA,NA,NA,NA,NA,NA,NA,NA,NA,NA,0.01,10
"L14-0350","BP981",".2","60--100","60--100",40,849.1,1298.94,0,0,1.93,0.8,"NO WOOD, METAL",NA,1.53,"M","SAND",5.63,0.7,0,"PLOTXDEPTH EST.",10,10,2,0.3,37.9,0.2,4.5,1.1,1.4,5.8,16.2,0,0.1,0,3
"L14-0352","BP982",".1","Oe","Oe",NA,NA,31.2,0,0,0,0,NA,13.87,NA,NA,NA,NA,NA,33.4,"UMBS",NA,NA,NA,NA,NA,NA,NA,NA,NA,NA,NA,NA,NA,NA,5
"L14-0353","BP982",".1","A","A",NA,NA,116.92,3.81,0,0,0,NA,51.96,NA,NA,"SAND",5.44,8,26.5,"PLOTXDEPTH MEAN",1724,120,205,14.2,14.9,0.2,4.4,120.8,3.1,13.6,14.8,1.2,11.8,0.8,14
"L14-0354","BP982",".1","0--15","0--15",15,318.4,439.25,1.06,1.36,3.61,1.4,NA,NA,1.39,"M",NA,NA,NA,0.7,"JML",NA,NA,NA,NA,NA,NA,NA,NA,NA,NA,NA,NA,NA,0.96,14
"L14-0355","BP982",".1","15--30","15--30",15,318.4,414.55,0.43,0.87,84.56,33.8,"METAL",NA,1.46,"M","SAND",5.54,0.5,0.3,"JML",51,11,7,0.6,58.5,0.1,5.3,2.8,1.4,3,1.2,0,0.3,0.6,7
"L14-0356","BP982",".1","30--60","30--60",30,636.8,1039.13,0.27,0.08,3.49,1.4,"METAL",NA,1.64,"M",NA,NA,NA,0.3,"PLOTXDEPTH EST.",NA,NA,NA,NA,NA,NA,NA,NA,NA,NA,NA,NA,NA,0.44,13
"L14-0357","BP982",".1","60--100","60--100",40,849.1,1571.23,0.2,0.03,8.47,3.4,"METAL",NA,1.86,"M","SAND",5.84,0.4,0.1,"PLOTXDEPTH EST.",21,6,3,0.3,32.5,0.1,3.1,0.4,1.6,3.8,3.6,0,0.1,0,7
"L14-0359","BP982",".2","Oe","Oe",NA,NA,16.12,0,0,0,0,NA,7.16,NA,NA,NA,NA,NA,40.9,"UMBS",NA,NA,NA,NA,NA,NA,NA,NA,NA,NA,NA,NA,NA,NA,3
"L14-0360","BP982",".2","A","A",NA,NA,368.32,7.17,0,0,0,"MUCH CHARCOAL IN OE",163.7,NA,NA,"SAND",5.25,7.7,32.6,"UMBS",1070,101,161,11,14.7,0.7,4.2,129.4,0.4,11.1,14,1.6,8.6,1.5,53
"L14-0361","BP982",".2","0--15","0--15",15,318.4,360.26,6.68,0.38,7.34,2.9,NA,NA,1.14,"M",NA,NA,NA,0.7,"JML",NA,NA,NA,NA,NA,NA,NA,NA,NA,NA,NA,NA,NA,4.13,12
"L14-0362","BP982",".2","15--30","15--30",15,318.4,472.88,1.86,0.25,38.52,15.4,NA,NA,1.56,"M","SAND",4.88,0.8,0.6,"UMBS",45,9,8,1.3,115.1,0.1,12.2,2.8,2.4,4.3,3.5,0.8,1.1,0.89,14
"L14-0363","BP982",".2","30--60","30--60",30,636.8,900.76,0.4,0.01,101.33,40.5,"METAL",NA,1.51,"M",NA,NA,NA,0.3,"JML",NA,NA,NA,NA,NA,NA,NA,NA,NA,NA,NA,NA,NA,0.6,12
"L14-0364","BP982",".2","60--100","60--100",40,849.1,1136.38,0.27,0,79.71,31.9,"METAL, NO WOOD",NA,1.39,"M","GRAVELLY SAND",5.42,0.2,0.1,"PLOTXDEPTH EST.",8,4,2,0.4,44.7,0.1,4.7,1,1.2,6.3,6.4,0,0.1,0,5
"L14-0366","BP982",".3","Oe","Oe",NA,NA,35.33,0,0,0,0,NA,15.7,NA,NA,NA,NA,NA,36.7,"UMBS",NA,NA,NA,NA,NA,NA,NA,NA,NA,NA,NA,NA,NA,NA,6
"L14-0367","BP982",".3","A","A",NA,NA,130.2,9.55,0,0,0,NA,57.87,NA,NA,"SAND",5.23,13.5,20.4,"UMBS",1597,205,238,19,19.2,0.6,7,253,3.1,21.3,12.2,1.5,12,1.99,12
"L14-0368","BP982",".3","0--15","0--15",15,318.4,293.34,1.41,5.3,0.32,0.1,NA,NA,0.92,"M",NA,NA,NA,0.5,"JML",NA,NA,NA,NA,NA,NA,NA,NA,NA,NA,NA,NA,NA,2.43,7
"L14-0369","BP982",".3","15--30","15--30",15,318.4,385.69,1.1,0.85,11.24,4.5,"METAL",NA,1.23,"M","SAND",4.84,0.5,0.5,"UMBS",54,18,9,2.3,93.1,0.2,12.1,12.5,1.6,4,2.1,0.8,1.1,0.6,9
"L14-0370","BP982",".3","30--60","30--60",30,636.8,1021.81,0.27,0.09,2.76,1.1,NA,NA,1.61,"M",NA,NA,NA,0.3,"PLOTXDEPTH EST.",NA,NA,NA,NA,NA,NA,NA,NA,NA,NA,NA,NA,NA,0.1,12
"L14-0371","BP982",".3","60--100","60--100",40,849.1,1280.85,0.04,0,12.27,4.9,NA,NA,1.52,"M","LOAMY SAND",5.96,0.2,0.1,"JML",59,13,11,0.3,44.6,0.2,3.1,0.8,1.6,3.1,5.1,0,0.4,0,5
"L14-0373","BP982",".4","Oe","Oe",NA,NA,12.87,0,0,0,0,NA,5.72,NA,NA,NA,NA,NA,35.5,"UMBS",NA,NA,NA,NA,NA,NA,NA,NA,NA,NA,NA,NA,NA,NA,2
"L14-0374","BP982",".4","A","A",NA,NA,103.53,3.33,0,0,0,NA,46.01,NA,NA,"SAND",4.89,8.5,16.3,"UMBS",757,147,119,8.3,35.6,1.4,14.6,196,6.1,21.1,10.4,2.3,7.5,0.7,8
"L14-0375","BP982",".4","0--15","0--15",15,318.4,417.58,0.81,0.53,1,0.4,NA,NA,1.31,"M",NA,NA,NA,0.5,"JML",NA,NA,NA,NA,NA,NA,NA,NA,NA,NA,NA,NA,NA,1.74,9
"L14-0376","BP982",".4","15--30","15--30",15,318.4,405.16,0.78,6.7,6.4,2.6,NA,NA,1.28,"M","SAND",5.07,0.8,0.5,"UMBS",21,21,5,1.4,134.7,0.1,8.7,4.3,2,22.6,0.9,0.3,0.5,1.3,10
"L14-0377","BP982",".4","30--60","30--60",30,636.8,1004.28,0.59,1.79,19,7.6,"METAL",NA,1.6,"M",NA,NA,NA,0.3,"PLOTXDEPTH EST.",NA,NA,NA,NA,NA,NA,NA,NA,NA,NA,NA,NA,NA,0.1,12
"L14-0378","BP982",".4","60--100","60--100",40,849.1,1492.19,0.04,0.14,35.42,14.2,"METAL",NA,1.79,"M","GRAVELLY SAND",5.55,0.2,0.1,"PLOTXDEPTH EST.",31,6,12,0.5,36.1,0.1,5,2,1,1.3,1.7,0,0.3,0,6
"L14-0380","AC103",".1","Oe","Oe",NA,NA,25.74,0,0,0,0,NA,11.44,NA,NA,NA,NA,NA,37.8,"UMBS",NA,NA,NA,NA,NA,NA,NA,NA,NA,NA,NA,NA,NA,NA,4
"L14-0381","AC103",".1","A","A",NA,NA,184.97,9.09,0,0,0,"RERUN",82.21,NA,NA,"SAND",4.33,10.4,30.9,"UMBS",363,200,110,36.2,17.9,1.1,4.1,80.6,4.5,30.3,8.8,3.9,7.2,1.9,25
"L14-0382","AC103",".1","0--15","0--15",15,318.4,311.11,0.66,0,0,0,NA,NA,0.98,"M",NA,NA,NA,0.8,"JML",NA,NA,NA,NA,NA,NA,NA,NA,NA,NA,NA,NA,NA,1.72,12
"L14-0383","AC103",".1","15--30","15--30",15,318.4,312.46,0.78,1.18,0.14,0.1,"METAL",NA,1.46,"G","SAND",4.28,0.3,0.3,"JML",9,11,4,1.6,27.4,0.2,9.5,0.9,1.5,2.5,7.6,1.2,1.4,1.81,7
"L14-0384","AC103",".1","30--60","30--60",30,636.8,1037.82,0.82,23.44,1.06,0.4,"METAL",NA,1.63,"M",NA,NA,NA,0.3,"JML",NA,NA,NA,NA,NA,NA,NA,NA,NA,NA,NA,NA,NA,0.14,15
"L14-0385","AC103",".1","60--100","60--100",40,849.1,1628.07,0.06,0.51,4.81,1.9,NA,NA,1.92,"M","SAND",5.73,0.2,0.2,"PLOTXDEPTH EST.",8,8,2,0.4,27.1,0.1,3.2,1,1.2,2.9,9.7,0,0.1,0,17
"L14-0387","AC103",".2","Oe","Oe",NA,NA,19.07,0,0,0,0,NA,8.48,NA,NA,NA,NA,NA,39.3,"UMBS",NA,NA,NA,NA,NA,NA,NA,NA,NA,NA,NA,NA,NA,NA,3
"L14-0388","AC103",".2","A","A",NA,NA,110.63,6.95,0,0,0,NA,49.17,NA,NA,"SAND",4.04,14.9,28.6,"UMBS",490,222,137,47.8,14.5,2,3.3,51.3,5.1,29.8,14.6,4.4,8.6,1.45,14
"L14-0389","AC103",".2","0--15","0--15",15,318.4,334.14,1.41,0,0,0,NA,NA,1.05,"M",NA,NA,NA,0.7,"JML",NA,NA,NA,NA,NA,NA,NA,NA,NA,NA,NA,NA,NA,3.31,11
"L14-0390","AC103",".2","15--30","15--30",15,318.4,392.98,1.5,7.57,1.99,0.8,NA,NA,1.24,"M","SAND",4.19,0.7,0.8,"UMBS",11,11,5,1.2,51.9,0.1,13.3,0.3,1.7,2.9,2.7,1.6,1.8,2.85,14
"L14-0391","AC103",".2","30--60","30--60",30,636.8,1055.98,1.29,2.1,4.01,1.6,"METAL, CHARCOAL",NA,1.66,"M",NA,NA,NA,0.3,"PLOTXDEPTH EST.",NA,NA,NA,NA,NA,NA,NA,NA,NA,NA,NA,NA,NA,0.08,15
"L14-0392","AC103",".2","60--100","60--100",40,849.1,1605.06,0.03,0,50.05,20,NA,NA,1.94,"M","SAND",5.22,0.4,0.2,"JML",6,7,2,0.6,55.8,0.1,7.9,4.5,1.4,19.1,15.9,0,0.1,0,17
"L14-0394","AC103",".3","Oe","Oe",NA,NA,13.2,0,0,0,0,NA,5.87,NA,NA,NA,NA,NA,19.9,"UMBS",NA,NA,NA,NA,NA,NA,NA,NA,NA,NA,NA,NA,NA,NA,1
"L14-0395","AC103",".3","A","A",NA,NA,309.67,9.36,0,0,0,NA,137.63,NA,NA,"SAND",4.25,8.3,17.6,"UMBS",175,147,54,20.3,18,8.6,4.9,43.7,3.2,19.6,17.6,3.3,5,1.96,24
"L14-0396","AC103",".3","0--15","0--15",15,318.4,381.13,0.96,0,0,0,NA,NA,1.2,"M",NA,NA,NA,0.4,"JML",NA,NA,NA,NA,NA,NA,NA,NA,NA,NA,NA,NA,NA,3.88,7
"L14-0397","AC103",".3","15--30","15--30",15,318.4,486.81,1.75,0.87,0.14,0.1,"METAL",NA,1.53,"M","SAND",4.65,0.3,0.3,"UMBS",7,9,2,1.2,77.9,0.1,20.4,0.9,1.6,5,2.5,0.6,0.7,2.48,7
"L14-0398","AC103",".3","30--60","30--60",30,636.8,1033.15,1.12,0.26,0.91,0.4,"METAL",NA,1.62,"M",NA,NA,NA,0.3,"PLOTXDEPTH EST.",NA,NA,NA,NA,NA,NA,NA,NA,NA,NA,NA,NA,NA,0.24,15
"L14-0399","AC103",".3","60--100","60--100",40,849.1,1649.41,0.11,0,0.94,0.4,NA,NA,1.94,"M","SAND",5.67,0.2,0.2,"PLOTXDEPTH EST.",9,7,2,0.3,31.7,0,3.6,1.3,1.3,8.8,21.6,0,0.1,0,17
"L14-0401","AC104",".1","Oe","Oe",NA,NA,14.06,0,0,0,0,NA,6.25,NA,NA,NA,NA,NA,32.8,"UMBS",NA,NA,NA,NA,NA,NA,NA,NA,NA,NA,NA,NA,NA,NA,2
"L14-0402","AC104",".1","A","A",NA,NA,165.35,8.61,0,0,0,"RERUN",73.49,NA,NA,"SAND",4.13,11.4,18.3,"UMBS",531,272,97,33.3,23.2,1.4,5.9,72.1,4.3,29.5,8.2,4.1,8.3,1.8,13
"L14-0403","AC104",".1","0--15","0--15",15,318.4,420.39,1.02,0,0,0,NA,NA,1.32,"M",NA,NA,NA,0.8,"JML",NA,NA,NA,NA,NA,NA,NA,NA,NA,NA,NA,NA,NA,1.23,15
"L14-0404","AC104",".1","15--30","15--30",15,318.4,363.57,0.55,1.94,1.33,0.5,NA,NA,1.14,"M","SAND",4.56,0.5,0.3,"JML",9,11,3,1.6,53.2,0.1,16.6,0.9,1.6,3.4,7.5,1,1.1,1.96,6
"L14-0405","AC104",".1","30--60","30--60",30,636.8,1042.26,0.88,5.08,8.18,3.3,"METAL, CHARCOAL",NA,1.65,"M",NA,NA,NA,0.3,"JML",NA,NA,NA,NA,NA,NA,NA,NA,NA,NA,NA,NA,NA,0.13,15
"L14-0406","AC104",".1","60--100","60--100",40,849.1,1567.13,0.06,0.08,0.38,0.2,NA,NA,1.85,"M","SAND",5.42,0.2,0.1,"JML",4,7,1,0.4,33.1,0.1,3.5,0.8,1.3,16.4,8.2,0,0.1,0,6
"L14-0408","AC104",".2","Oe","Oe",NA,NA,21.47,0,0,0,0,NA,9.54,NA,NA,NA,NA,NA,34.2,"UMBS",NA,NA,NA,NA,NA,NA,NA,NA,NA,NA,NA,NA,NA,NA,3
"L14-0409","AC104",".2","A","A",NA,NA,146.08,14.09,0,0,0,"RERUN",64.92,NA,NA,"SAND",4.52,6.8,28,"UMBS",684,169,115,23.1,16.9,0.6,3.8,127.2,6.2,18,8,2.7,7.5,2.94,18
"L14-0410","AC104",".2","0--15","0--15",15,318.4,399.01,1.69,0,0,0,NA,NA,1.25,"M",NA,NA,NA,0.4,"JML",NA,NA,NA,NA,NA,NA,NA,NA,NA,NA,NA,NA,NA,6.63,7
"L14-0411","AC104",".2","15--30","15--30",15,318.4,455.46,3,1.21,6.31,2.5,NA,NA,1.44,"M","SAND",4.44,0.8,0.4,"UMBS",8,10,3,2,129,0.2,30,1.7,1.9,7.2,1.6,1.3,1.4,1.13,8
"L14-0412","AC104",".2","30--60","30--60",30,636.8,994.55,0.51,0.12,16.24,6.5,NA,NA,1.58,"M",NA,NA,NA,0.3,"PLOTXDEPTH EST.",NA,NA,NA,NA,NA,NA,NA,NA,NA,NA,NA,NA,NA,0.01,15
"L14-0413","AC104",".2","60--100","60--100",40,849.1,1503.91,0,0.01,0.73,0.3,NA,NA,1.77,"M","SAND",5.24,0.4,0.1,"PLOTXDEPTH EST.",4,5,1,0.7,40.5,0.1,7.4,2,1.4,18.6,4.2,0,0.1,0,5
"L14-0415","AC104",".3","Oe","Oe",NA,NA,23.13,0,0,0,0,NA,10.28,NA,NA,NA,NA,NA,46.8,"UMBS",NA,NA,NA,NA,NA,NA,NA,NA,NA,NA,NA,NA,NA,NA,5
"L14-0416","AC104",".3","A","A",NA,NA,217.62,6.73,0,0,0,NA,96.72,NA,NA,"SAND",4.01,6.6,11.9,"UMBS",221,258,98,41.2,14.2,1.2,5.3,33.6,9.5,39.2,7.6,3.5,6.2,1.41,12
"L14-0417","AC104",".3","0--15","0--15",15,318.4,402.66,1.58,0,0,0,NA,NA,1.26,"M",NA,NA,NA,0.6,"JML",NA,NA,NA,NA,NA,NA,NA,NA,NA,NA,NA,NA,NA,4.68,12
"L14-0418","AC104",".3","15--30","15--30",15,318.4,481.64,2.12,0.83,1.92,0.8,"NO CHARCOAL",NA,1.52,"M","SAND",4.62,0.3,0.3,"UMBS",11,11,3,2,77.2,0.3,18.6,3.6,2.7,4.2,2.4,0.7,0.8,1.97,7
"L14-0419","AC104",".3","30--60","30--60",30,636.8,983.24,0.89,0.12,15,6,"CHARCOAL",NA,1.56,"M",NA,NA,NA,0.3,"PLOTXDEPTH EST.",NA,NA,NA,NA,NA,NA,NA,NA,NA,NA,NA,NA,NA,0.94,15
"L14-0420","AC104",".3","60--100","60--100",40,849.1,1518.44,0.43,0,1.8,0.7,"NO WOOD, CHARCOAL",NA,1.79,"M","SAND",5.39,0.6,0.1,"PLOTXDEPTH EST.",8,9,2,0.6,39.8,0,4,1.1,1,19.1,2,0,0.1,0,6
"L14-0422","AC107",".1","Oe","Oe",NA,NA,49.56,0,0,0,0,NA,22.03,NA,NA,NA,NA,NA,38.3,"UMBS",NA,NA,NA,NA,NA,NA,NA,NA,NA,NA,NA,NA,NA,NA,8
"L14-0423","AC107",".1","A","A",NA,NA,156.07,13.73,0,0,0,"RERUN",69.36,NA,NA,"SAND",4.01,34.5,31.1,"UMBS",943,312,142,35.1,16,0.4,5.1,38.5,9.6,41,7,4.5,11.2,2.87,22
"L14-0424","AC107",".1","0--15","0--15",15,318.4,343.81,0.66,1.48,0.93,0.4,NA,NA,1.08,"M",NA,NA,NA,0.5,"JML",NA,NA,NA,NA,NA,NA,NA,NA,NA,NA,NA,NA,NA,3.66,8
"L14-0425","AC107",".1","15--30","15--30",15,318.4,497.4,1.66,1.23,3.1,1.2,NA,NA,1.57,"M","SAND",4.53,1.3,0.7,"JML",36,20,9,4.2,122.1,0.3,30,13.1,7.3,11.5,2,1.3,1.6,3.41,17
"L14-0426","AC107",".1","30--60","30--58",28,594.3,871.59,1.54,11.25,36.5,14.6,NA,NA,1.5,"M",NA,NA,NA,0.3,"JML",NA,NA,NA,NA,NA,NA,NA,NA,NA,NA,NA,NA,NA,0.89,12
"L14-0427","AC107",".1","60--100","60--100",40,849.1,1852.17,0.4,0.35,36.46,14.6,NA,NA,2.22,"M","SAND",5.34,0.2,0.1,"JML",4,3,1,0.4,36.3,0.1,4.7,0.6,0.9,8.5,11.2,0,0,0,13
"L14-0429","AC107",".2","Oe","Oe",NA,NA,39.42,0,0,0,0,NA,17.52,NA,NA,NA,NA,NA,39.6,"UMBS",NA,NA,NA,NA,NA,NA,NA,NA,NA,NA,NA,NA,NA,NA,7
"L14-0430","AC107",".2","A","A",NA,NA,187.04,8.97,0,0,0,NA,83.13,NA,NA,"SAND",3.91,9.8,18,"UMBS",411,132,88,11.4,21.9,0.9,5.9,44.3,5.7,19.8,8.7,4.8,7.9,1.87,15
"L14-0431","AC107",".2","0--15","0--15",15,318.4,415,4.12,0.29,0.35,0.1,NA,NA,1.3,"M",NA,NA,NA,0.7,"JML",NA,NA,NA,NA,NA,NA,NA,NA,NA,NA,NA,NA,NA,5.87,13
"L14-0432","AC107",".2","15--30","15--30",15,318.4,517.82,2.65,3.78,3.9,1.6,"METAL",NA,1.63,"M","SAND",4.47,0.9,0.5,"UMBS",6,10,2,0.7,113.7,0.2,28.1,0.7,2.2,7,1.8,1.1,1.2,1.89,11
"L14-0433","AC107",".2","30--60","30--60",30,636.8,971.84,0.86,0.19,31.09,12.4,NA,NA,1.56,"M",NA,NA,NA,0.3,"UMBS",NA,NA,NA,NA,NA,NA,NA,NA,NA,NA,NA,NA,NA,0.25,16
"L14-0434","AC107",".2","60--100","60--100",40,849.1,1321.75,0.11,0.08,5.56,2.2,NA,NA,1.56,"M","GRAVELLY SAND",5.1,0.7,0.1,"PLOTXDEPTH MEAN",6,5,2,0.7,47.2,0.1,5.4,2.6,1.2,12.9,11.5,0,0.1,0,7
"L14-0436","AC107",".3","Oe","Oe",NA,NA,29.16,0,0,0,0,NA,12.96,NA,NA,NA,NA,NA,41.9,"UMBS",NA,NA,NA,NA,NA,NA,NA,NA,NA,NA,NA,NA,NA,NA,5
"L14-0437","AC107",".3","A","A",NA,NA,61.15,1.18,0,0,0,NA,27.18,NA,NA,"SAND",4.47,7.6,14.3,"UMBS",649,123,90,18.3,17.1,0.6,6.1,166.7,5,19.8,6.4,2.5,6.9,0.25,4
"L14-0438","AC107",".3","0--15","0--15",15,318.4,443.69,2.7,1.74,7.35,2.9,NA,NA,1.41,"M",NA,NA,NA,0.5,"JML",NA,NA,NA,NA,NA,NA,NA,NA,NA,NA,NA,NA,NA,1.15,10
"L14-0439","AC107",".3","15--30","15--30",15,318.4,480.09,0.52,1.13,6.45,2.6,NA,NA,1.52,"M","SAND",4.8,0.8,0.4,"UMBS",8,13,3,3.6,135.8,0.2,14.3,2.6,1.7,18.4,2,1,1.1,2.59,10
"L14-0440","AC107",".3","30--60","30--60",30,636.8,1023.84,1.17,2.9,15.24,6.1,NA,NA,1.62,"M",NA,NA,NA,0.3,"UMBS",NA,NA,NA,NA,NA,NA,NA,NA,NA,NA,NA,NA,NA,0.15,17
"L14-0441","AC107",".3","60--100","60--100",40,849.1,1297.35,0.07,0.01,0.79,0.3,NA,NA,1.53,"M","SAND",5.22,0.6,0.1,"JML",6,3,2,0.4,37.9,0.1,4.5,0.6,0.7,17.4,16.8,0,0.1,0,4
"L14-0443","BF7",".1","Oe","Oe",NA,NA,31.92,0,0,0,0,NA,14.19,NA,NA,NA,NA,NA,44.1,"UMBS",NA,NA,NA,NA,NA,NA,NA,NA,NA,NA,NA,NA,NA,NA,6
"L14-0444","BF7",".1","A","A",NA,NA,224.21,34.5,0,0,0,"RERUN",99.65,NA,NA,"SAND",3.79,19.7,29.5,"UMBS",321,373,178,38.4,22.8,0.6,5.2,61.3,17.1,56.8,9.1,6,10.1,7.21,29
"L14-0445","BF7",".1","0--15","0--15",15,318.4,387.3,1.03,2.54,1.29,0.5,"SOME METAL AND CHARCOAL",NA,1.22,"M",NA,NA,NA,0.8,"JML",NA,NA,NA,NA,NA,NA,NA,NA,NA,NA,NA,NA,NA,0.99,15
"L14-0446","BF7",".1","15--30","15--30",15,318.4,410.64,0.45,21.63,16.66,6.7,"METAL",NA,1.32,"M","SAND",4.16,1.4,0.9,"JML",10,16,7,1.1,174.2,0.2,58,2.1,1.9,8.7,5.2,2.4,2.5,1.13,18
"L14-0447","BF7",".1","30--60","30--60",30,636.8,1018.9,0.51,1.27,4.61,1.8,NA,NA,1.6,"M",NA,NA,NA,0.3,"JML",NA,NA,NA,NA,NA,NA,NA,NA,NA,NA,NA,NA,NA,0.76,16
"L14-0448","BF7",".1","60--100","60--100",40,849.1,1261.07,0.34,1.39,1.12,0.4,NA,NA,1.49,"M","SAND",5.25,0.2,0.1,"PLOTXDEPTH EST.",6,5,2,0.3,43.1,0.1,5.1,0.5,1.1,5.6,10.2,0,0.1,0,4
"L14-0450","BF7",".2","Oe","Oe",NA,NA,30.45,0,0,0,0,NA,13.53,NA,NA,NA,NA,NA,40.5,"UMBS",NA,NA,NA,NA,NA,NA,NA,NA,NA,NA,NA,NA,NA,NA,5
"L14-0451","BF7",".2","A","A",NA,NA,113.39,23.87,0,0,0,NA,50.4,NA,NA,"SAND",4.91,32,32.7,"UMBS",713,262,117,29.5,15.1,0.7,6,372.5,7.7,29.2,13,1.9,7.2,4.99,16
"L14-0452","BF7",".2","0--15","0--15",15,318.4,335.99,2.52,3.2,0.88,0.4,"SOME CHARCOAL",NA,1.06,"M",NA,NA,NA,1.4,"JML",NA,NA,NA,NA,NA,NA,NA,NA,NA,NA,NA,NA,NA,1.97,22
"L14-0453","BF7",".2","15--30","15--30",15,318.4,346.49,0.89,14.9,4,1.6,"METAL",NA,1.46,"G","SAND",4.92,0.3,0.4,"UMBS",22,13,5,1.9,116.3,0.1,8.9,5.9,2.8,13.1,3.1,0.4,0.6,1.8,10
"L14-0454","BF7",".2","30--60","30--60",30,636.8,1007.68,0.81,1.81,3.18,1.3,NA,NA,1.59,"M",NA,NA,NA,0.3,"PLOTXDEPTH EST.",NA,NA,NA,NA,NA,NA,NA,NA,NA,NA,NA,NA,NA,1.81,16
"L14-0455","BF7",".2","60--100","60--100",40,849.1,1296.31,0.82,1.09,0.34,0.1,"NO CHARCOAL",NA,1.53,"M","SAND",5.39,0.2,0.1,"JML",9,5,2,0.4,32.8,0.1,3.8,0.7,1.4,7.3,7.7,0,0.1,0,4
"L14-0457","BF7",".3","Oe","Oe",NA,NA,18.09,0,0,0,0,NA,8.04,NA,NA,NA,NA,NA,45.3,"UMBS",NA,NA,NA,NA,NA,NA,NA,NA,NA,NA,NA,NA,NA,NA,4
"L14-0458","BF7",".3","A","A",NA,NA,108.37,10.01,0,0,0,NA,48.16,NA,NA,"SAND",4.47,25.8,32.5,"UMBS",624,275,101,39.6,11.7,1.1,3.8,244,5.1,32.4,7.2,3,7.7,2.09,16
"L14-0459","BF7",".3","0--15","0--15",15,318.4,317.11,3.16,0.48,4.23,1.7,"LITTLE CHARCOAL",NA,1,"M",NA,NA,NA,1.4,"JML",NA,NA,NA,NA,NA,NA,NA,NA,NA,NA,NA,NA,NA,1.08,21
"L14-0460","BF7",".3","15--30","15--30",15,318.4,418.67,0.49,0.67,3.93,1.6,"METAL",NA,1.32,"M","SAND",4.31,0.3,0.6,"UMBS",7,13,3,2.7,115,0.4,32.2,0.6,5,5.7,3,1.8,1.9,1.45,11
"L14-0461","BF7",".3","30--60","30--60",30,636.8,902.19,0.66,2.02,15.97,6.4,NA,NA,1.43,"M",NA,NA,NA,0.3,"PLOTXDEPTH EST.",NA,NA,NA,NA,NA,NA,NA,NA,NA,NA,NA,NA,NA,1.48,14
"L14-0462","BF7",".3","60--100","60--100",40,849.1,1200.85,0.67,0.43,1.03,0.4,"NO CHARCOAL",NA,1.42,"M","SAND",5.46,0.2,0.1,"PLOTXDEPTH EST.",8,7,2,0.3,45.2,0.1,3.9,0.2,5.4,4.5,6.1,0,0.1,0,4
"L14-0464","BF8",".1","Oe","Oe",NA,NA,19.37,0,0,0,0,NA,8.61,NA,NA,NA,NA,NA,44.4,"UMBS",NA,NA,NA,NA,NA,NA,NA,NA,NA,NA,NA,NA,NA,NA,4
"L14-0465","BF8",".1","A","A",NA,NA,124.25,7.82,0,0,0,NA,55.22,NA,NA,"SAND",4.1,25.4,22.7,"UMBS",567,404,237,59.4,17.7,1.5,4.4,215.3,19.7,75.9,16.5,4.9,10.8,1.63,13
"L14-0466","BF8",".1","0--15","0--15",15,318.4,321.81,1.21,4.17,3.12,1.2,NA,NA,1.01,"M",NA,NA,NA,0.6,"JML",NA,NA,NA,NA,NA,NA,NA,NA,NA,NA,NA,NA,NA,1.33,10
"L14-0467","BF8",".1","15--30","15--30",15,318.4,432.33,0.6,3.28,10.95,4.4,"METAL",NA,1.38,"M","SAND",4.55,0.5,1.6,"JML",14,7,4,0.7,129.5,0.2,21.3,2,2.1,11.2,2.9,1.4,1.5,2.22,34
"L14-0468","BF8",".1","30--60","30--60",30,636.8,975.7,1,1.74,30.15,12.1,NA,NA,1.56,"M",NA,NA,NA,0.3,"JML",NA,NA,NA,NA,NA,NA,NA,NA,NA,NA,NA,NA,NA,1.91,15
"L14-0469","BF8",".1","60--100","60--100",40,849.1,1309.5,0.86,0.21,14.77,5.9,"NO CHARCOAL",NA,1.55,"M","SAND",5.25,0.2,0.1,"PLOTXDEPTH EST.",6,4,2,0.3,48.1,0.1,5.1,0.3,0.8,8.9,8.8,0,0.1,0,4
"L14-0471","BF8",".2","Oe","Oe",NA,NA,14.24,0,0,0,0,NA,6.33,NA,NA,NA,NA,NA,43.4,"UMBS",NA,NA,NA,NA,NA,NA,NA,NA,NA,NA,NA,NA,NA,NA,3
"L14-0472","BF8",".2","A","A",NA,NA,84.66,11.33,0,0,0,"RERUN",37.63,NA,NA,"SAND",4.09,14.6,17.3,"UMBS",519,391,172,55,16.5,0.6,5.3,175,17.9,51.4,6.8,4,9.1,2.37,7
"L14-0473","BF8",".2","0--15","0--15",15,318.4,432.81,1.11,0.72,0.68,0.3,NA,NA,1.36,"M",NA,NA,NA,0.4,"JML",NA,NA,NA,NA,NA,NA,NA,NA,NA,NA,NA,NA,NA,7.08,7
"L14-0474","BF8",".2","15--30","15--30",15,318.4,401.56,3.2,1.19,8.29,3.3,"NOT MUCH CHARCOAL",NA,1.27,"M","SAND",4.66,0.5,0.5,"UMBS",5,10,2,0.7,149.3,0.7,12.1,1.6,3,16,2.1,0.8,0.9,3.71,9
"L14-0475","BF8",".2","30--60","30--60",30,636.8,952.85,1.68,1.56,7.12,2.8,NA,NA,1.5,"M",NA,NA,NA,0.3,"PLOTXDEPTH EST.",NA,NA,NA,NA,NA,NA,NA,NA,NA,NA,NA,NA,NA,0.41,15
"L14-0476","BF8",".2","60--100","60--100",40,849.1,1281.86,0.18,0.73,0.85,0.3,"NO CHARCOAL",NA,1.51,"M","SAND",5.3,0.2,0.1,"JML",5,4,2,0.4,34.4,0.1,4.4,0.4,0.8,8.7,11.2,0,0.1,0,4
"L14-0478","BF8",".3","Oe","Oe",NA,NA,27.86,0,0,0,0,NA,12.38,NA,NA,NA,NA,NA,37,"UMBS",NA,NA,NA,NA,NA,NA,NA,NA,NA,NA,NA,NA,NA,NA,5
"L14-0479","BF8",".3","A","A",NA,NA,129.45,14.83,0,0,0,NA,57.53,NA,NA,"SAND",3.88,20.7,25.4,"UMBS",294,320,127,36,17.8,1.1,4.8,78.4,13.1,45.4,10.8,4.6,8,3.1,15
"L14-0480","BF8",".3","0--15","0--15",15,318.4,336.99,1.54,1.51,0.05,0,NA,NA,1.06,"M",NA,NA,NA,0.5,"JML",NA,NA,NA,NA,NA,NA,NA,NA,NA,NA,NA,NA,NA,3.34,8
"L14-0481","BF8",".3","15--30","15--30",15,318.4,516.02,1.51,3.42,0.88,0.3,"CHARCOAL",NA,1.62,"M","SAND",4.36,0.2,0.3,"UMBS",6,7,2,0.9,72.5,0.2,15.3,1.3,1.8,3.2,2.2,1.2,1.3,1.2,8
"L14-0482","BF8",".3","30--60","30--60",30,636.8,952.98,0.54,0.89,1.85,0.7,NA,NA,1.5,"M",NA,NA,NA,0.3,"PLOTXDEPTH EST.",NA,NA,NA,NA,NA,NA,NA,NA,NA,NA,NA,NA,NA,2.43,15
"L14-0483","BF8",".3","60--100","60--100",40,849.1,1188.05,1.1,7.16,30.9,12.4,"NO CHARCOAL",NA,1.42,"M","SAND",5.13,0.4,0.1,"PLOTXDEPTH EST.",8,8,2,0.3,57.2,0.1,4.5,0.8,1.2,4.4,6.9,0,0.1,0,4
"L14-0485","PSA1",".1","Oe","Oe",NA,NA,31.96,0,0,0,0,NA,14.2,NA,NA,NA,NA,NA,45.2,"UMBS",NA,NA,NA,NA,NA,NA,NA,NA,NA,NA,NA,NA,NA,NA,6
"L14-0486","PSA1",".1","A","A",NA,NA,105.9,16.78,0,0,0,NA,47.07,NA,NA,"SAND",4.85,14,18.8,"UMBS",1772,248,237,31.1,12.1,0.3,4,228.2,6.5,31.8,15.4,2.5,13.9,3.51,9
"L14-0487","PSA1",".1","0--15","0--15",15,318.4,347.43,1.08,8.24,0.88,0.4,"SOME CHARCOAL",NA,1.09,"M",NA,NA,NA,1.2,"JML",NA,NA,NA,NA,NA,NA,NA,NA,NA,NA,NA,NA,NA,2.37,20
"L14-0488","PSA1",".1","15--30","15--30",15,318.4,501.75,1.07,1.28,8.8,3.5,NA,NA,1.59,"M","SAND",4.98,1,1.4,"JML",53,13,10,1,109.1,0.1,7.8,6.6,1.5,4.6,2.2,0.7,1,1.73,34
"L14-0489","PSA1",".1","30--60","30--60",30,636.8,932.1,0.78,1.95,42.95,17.2,NA,NA,1.5,"M",NA,NA,NA,0.3,"JML",NA,NA,NA,NA,NA,NA,NA,NA,NA,NA,NA,NA,NA,0.31,12
"L14-0490","PSA1",".1","60--100","60--100",40,849.1,1556.19,0.14,0,4.82,1.9,NA,NA,1.84,"M","SAND",5.54,0.2,0.1,"JML",15,5,3,0.3,37.9,0.1,4.4,0.9,1.1,3.4,2.7,0,0.1,0,7
"L14-0492","PSA1",".2","Oe","Oe",NA,NA,20.15,0,0,0,0,NA,8.96,NA,NA,NA,NA,NA,32.7,"UMBS",NA,NA,NA,NA,NA,NA,NA,NA,NA,NA,NA,NA,NA,NA,3
"L14-0493","PSA1",".2","A","A",NA,NA,172.76,9.79,0,0,0,"RERUN",76.78,NA,NA,"SAND",4.27,7.7,16.8,"PLOTXDEPTH MEAN",886,245,133,26.2,18,0.4,8.3,117.8,4.6,36.3,5.5,3.3,9.5,2.05,13
"L14-0494","PSA1",".2","0--15","0--15",15,318.4,365.26,2.75,1.42,0.52,0.2,"LITTLE CHARCOAL",NA,1.15,"M",NA,NA,NA,0.9,"JML",NA,NA,NA,NA,NA,NA,NA,NA,NA,NA,NA,NA,NA,2.07,16
"L14-0495","PSA1",".2","15--30","15--30",15,318.4,456.06,0.94,3.1,5.29,2.1,NA,NA,1.44,"M","SAND",4.7,0.5,0.5,"UMBS",37,26,8,1.8,120.4,0.2,17,14.4,1.7,4.9,7.9,1,1.3,1.69,11
"L14-0496","PSA1",".2","30--60","30--60",30,636.8,948.77,0.76,4.91,2.25,0.9,NA,NA,1.49,"M",NA,NA,NA,0.3,"PLOTXDEPTH EST.",NA,NA,NA,NA,NA,NA,NA,NA,NA,NA,NA,NA,NA,0.27,12
"L14-0497","PSA1",".2","60--100","60--100",40,849.1,1260.32,0.12,0.09,0.31,0.1,"METAL",NA,1.48,"M","SAND",5.43,0.4,0.1,"PLOTXDEPTH EST.",8,6,2,0.3,33.2,0.1,3.7,0.7,1.4,6.2,12.7,0,0.1,0,6
"L14-0499","PSA1",".3","Oe","Oe",NA,NA,20.18,0,0,0,0,NA,8.97,NA,NA,NA,NA,NA,32.2,"UMBS",NA,NA,NA,NA,NA,NA,NA,NA,NA,NA,NA,NA,NA,NA,3
"L14-0500","PSA1",".3","A","A",NA,NA,144.88,5.05,0,0,0,NA,64.39,NA,NA,"SAND",4.72,7.1,14.8,"UMBS",749,262,122,33.1,13.6,0.9,5.2,172.8,19.1,28.4,7.1,2.1,7.6,1.05,10
"L14-0501","PSA1",".3","0--15","0--15",15,318.4,439.47,0.81,0,0,0,NA,NA,1.38,"M",NA,NA,NA,0.4,"JML",NA,NA,NA,NA,NA,NA,NA,NA,NA,NA,NA,NA,NA,1.05,9
"L14-0502","PSA1",".3","15--30","15--30",15,318.4,521.75,0.48,0.29,1.26,0.5,NA,NA,1.64,"M","SAND",5.11,0.3,0.3,"UMBS",20,13,7,1.6,130.5,0.1,13.8,1.4,0.8,7.6,1,0.1,0.3,0.98,8
"L14-0503","PSA1",".3","30--60","30--60",30,636.8,1048.77,0.44,0,3.52,1.4,NA,NA,1.65,"M",NA,NA,NA,0.3,"PLOTXDEPTH EST.",NA,NA,NA,NA,NA,NA,NA,NA,NA,NA,NA,NA,NA,0.56,13
"L14-0504","PSA1",".3","60--100","60--100",40,849.1,1260.85,0.25,0,0.14,0.1,"METAL, A LOT OF SOIL STUCK TO ROOTS, NO WOOD",NA,1.49,"M","SAND",5.44,0.4,0.1,"PLOTXDEPTH EST.",8,5,2,0.3,37,0.2,3.4,0.7,1.9,8.8,14.5,0,0.1,0,6
"L14-0506","PSA2",".1","Oe","Oe",NA,NA,14.19,0,0,0,0,NA,6.31,NA,NA,NA,NA,NA,38.5,"UMBS",NA,NA,NA,NA,NA,NA,NA,NA,NA,NA,NA,NA,NA,NA,2
"L14-0507","PSA2",".1","A","A",NA,NA,146.92,5.95,0,0,0,NA,65.3,NA,NA,"SAND",4.63,13.7,22.3,"UMBS",897,457,185,51.1,15.3,1.4,5.5,379.1,23.1,44.9,14.1,2.4,9.7,1.24,15
"L14-0508","PSA2",".1","0--15","0--15",15,318.4,403.45,1.18,2.98,1.31,0.5,"SOME CHARCOAL",NA,1.27,"M",NA,NA,NA,0.7,"JML",NA,NA,NA,NA,NA,NA,NA,NA,NA,NA,NA,NA,NA,3.94,14
"L14-0509","PSA2",".1","15--30","15--30",15,318.4,442.04,1.78,1.46,7.69,3.1,NA,NA,1.4,"M","SAND",4.81,0.4,0.3,"JML",28,10,5,1,124,0.1,14.9,2.2,1.1,7.1,1.1,0.7,0.9,2.01,7
"L14-0510","PSA2",".1","30--60","30--60",30,636.8,1050.71,0.91,1.34,3.15,1.3,"METAL",NA,1.65,"M",NA,NA,NA,0.3,"JML",NA,NA,NA,NA,NA,NA,NA,NA,NA,NA,NA,NA,NA,0.17,13
"L14-0511","PSA2",".1","60--100","60--100",40,849.1,1567.26,0.08,0.03,4.07,1.6,"METAL",NA,1.85,"M","SAND",5.27,0.2,0.1,"PLOTXDEPTH EST.",12,4,2,0.5,30.8,0.1,6.4,0.7,1.8,12.3,4.2,0,0.1,0,5
"L14-0513","PSA2",".2","Oe","Oe",NA,NA,32.38,0,0,0,0,NA,14.39,NA,NA,NA,NA,NA,45.1,"UMBS",NA,NA,NA,NA,NA,NA,NA,NA,NA,NA,NA,NA,NA,NA,6
"L14-0514","PSA2",".2","A","A",NA,NA,83.94,19.89,0,0,0,NA,37.31,NA,NA,"SAND",4.47,23.4,20.5,"UMBS",492,786,128,36.6,19.6,1.1,16.7,152.3,4.7,90.3,7.3,3.2,8.8,4.15,8
"L14-0515","PSA2",".2","0--15","0--15",15,318.4,346.89,1.14,0,0,0,NA,NA,1.09,"M",NA,NA,NA,1.1,"JML",NA,NA,NA,NA,NA,NA,NA,NA,NA,NA,NA,NA,NA,4.98,18
"L14-0516","PSA2",".2","15--30","15--30",15,318.4,425.17,2.25,3.17,16.1,6.4,"LOTS OF CHARCOAL",NA,1.36,"M","SAND",4.67,1.1,1.1,"UMBS",23,23,5,0.7,157.8,0.1,20.8,5.7,3,10.4,3,1.7,1.9,1.24,23
"L14-0517","PSA2",".2","30--60","30--60",30,636.8,180.84,0.56,2.15,5.05,2,"*HOLE IN BAG SO SOIL LEAKED; WEIGHTS INACCURATE BUT CHEMISTRY OK",NA,1.57,"G",NA,NA,NA,0.3,"PLOTXDEPTH EST.",NA,NA,NA,NA,NA,NA,NA,NA,NA,NA,NA,NA,NA,0.91,13
"L14-0518","PSA2",".2","60--100","60--100",40,849.1,1297.55,0.41,0.21,8.05,3.2,"METAL/CHARCOAL",NA,1.53,"M","SAND",5.26,0.4,0.1,"PLOTXDEPTH EST.",11,8,3,0.3,42,0.1,4.7,0.8,1.2,4.6,6.1,0,0.1,0,4
"L14-0520","PSA2",".3","Oe","Oe",NA,NA,19.58,0,0,0,0,NA,8.7,NA,NA,NA,NA,NA,45.4,"UMBS",NA,NA,NA,NA,NA,NA,NA,NA,NA,NA,NA,NA,NA,NA,4
"L14-0521","PSA2",".3","A","A",NA,NA,72.63,17.93,0,0,0,NA,32.28,NA,NA,"SAND",4.31,25.5,37,"UMBS",867,263,197,58.1,5.7,2.4,2,115.1,10.6,36.5,15,3.8,10.5,3.75,12
"L14-0522","PSA2",".3","0--15","0--15",15,318.4,457.14,2.44,0.29,0,0,"SOME CHARCOAL",NA,1.44,"M",NA,NA,NA,0.3,"JML",NA,NA,NA,NA,NA,NA,NA,NA,NA,NA,NA,NA,NA,2.34,8
"L14-0523","PSA2",".3","15--30","15--30",15,318.4,491.76,1.06,0.19,6.05,2.4,NA,NA,1.56,"M","SAND",4.61,0.3,0.6,"UMBS",13,12,4,1.1,131.8,0.2,20.3,1.1,1.7,7.7,2.9,1.3,1.4,1.43,15
"L14-0524","PSA2",".3","30--60","30--60",30,636.8,1056.6,0.64,0.6,4.75,1.9,"METAL",NA,1.66,"M",NA,NA,NA,0.3,"PLOTXDEPTH EST.",NA,NA,NA,NA,NA,NA,NA,NA,NA,NA,NA,NA,NA,0.01,13
"L14-0525","PSA2",".3","60--100","60--100",40,849.1,1314.15,0,0,5.68,2.3,"METAL",NA,1.55,"M","SAND",5.51,0.6,0.1,"JML",9,6,2,0.4,32.9,0.1,3.2,1,2.2,5.4,17.2,0,0.1,0,4
"L14-0527","PSA3",".1","Oe","Oe",NA,NA,25.18,0,0,0,0,NA,11.19,NA,NA,NA,NA,NA,28.5,"UMBS",NA,NA,NA,NA,NA,NA,NA,NA,NA,NA,NA,NA,NA,NA,3
"L14-0528","PSA3",".1","A","A",NA,NA,297.86,10.22,0,0,0,NA,132.38,NA,NA,"SAND",4.39,12.1,26.1,"UMBS",738,259,145,20.7,29.4,0.6,8.6,82.7,12.7,43.4,9.1,3.3,8.9,2.13,34
"L14-0529","PSA3",".1","0--15","0--15",15,318.4,356.16,1.27,0,0,0,NA,NA,1.12,"M",NA,NA,NA,0.8,"JML",NA,NA,NA,NA,NA,NA,NA,NA,NA,NA,NA,NA,NA,6.55,14
"L14-0530","PSA3",".1","15--30","15--30",15,318.4,444.36,2.96,0.26,2.97,1.2,"CHARCOAL",NA,1.4,"M","SAND",4.67,0.8,0.5,"JML",14,9,4,0.8,139.8,0.2,23.8,6.4,1.1,6.9,1.8,1.1,1.3,2.19,11
"L14-0531","PSA3",".1","30--60","30--60",30,636.8,1000.22,0.99,1.22,2.72,1.1,NA,NA,1.57,"M",NA,NA,NA,0.4,"AVG",NA,NA,NA,NA,NA,NA,NA,NA,NA,NA,NA,NA,NA,0.04,20
"L14-0532","PSA3",".1","60--100","60--100",40,849.1,1209.83,0.02,0.1,6.33,2.5,"CHARCOAL AND METAL",NA,1.43,"M","SAND",5.19,0.4,0.1,"JML",8,5,2,0.3,32.4,0.1,3.9,0.6,1.5,4.8,10.7,0,0.1,0,4
"L14-0534","PSA3",".2","Oe","Oe",NA,NA,30.04,0,0,0,0,NA,13.35,NA,NA,NA,NA,NA,39,"UMBS",NA,NA,NA,NA,NA,NA,NA,NA,NA,NA,NA,NA,NA,NA,5
"L14-0535","PSA3",".2","A","A",NA,NA,189.31,8.99,0,0,0,"RERUN",84.14,NA,NA,"SAND",4.56,11.6,22.1,"PLOTXDEPTH MEAN",844,160,125,15.5,18.4,0.4,5.7,105.4,7.3,20.8,8.7,2.6,8.3,1.88,19
"L14-0536","PSA3",".2","0--15","0--15",15,318.4,376.41,0.84,3.31,0.22,0.1,"SOME CHARCOAL",NA,1.18,"M",NA,NA,NA,0.9,"JML",NA,NA,NA,NA,NA,NA,NA,NA,NA,NA,NA,NA,NA,2.04,15
"L14-0537","PSA3",".2","15--30","15--30",15,318.4,448.96,0.92,0.94,1,0.4,NA,NA,1.41,"M","SAND",4.69,0.6,0.5,"UMBS",29,9,6,1.5,106.4,0.3,13.1,5.4,1.7,4.7,2.3,1,1.3,1.66,11
"L14-0538","PSA3",".2","30--60","30--60",30,636.8,959.33,0.75,1.83,11.01,4.4,"METAL",NA,1.52,"M",NA,NA,NA,0.4,"UMBS",NA,NA,NA,NA,NA,NA,NA,NA,NA,NA,NA,NA,NA,0.57,18
"L14-0539","PSA3",".2","60--100","60--100",40,849.1,1565.93,0.26,0.2,0.46,0.2,"METAL",NA,1.84,"M","SAND",5.25,0.2,0.1,"PLOTXDEPTH EST.",8,4,2,0.4,30.8,0.1,3.2,0.7,1.4,10.6,4.2,0,0.1,0,5
"L14-0541","PSA3",".3","Oe","Oe",NA,NA,28.66,0,0,0,0,NA,12.74,NA,NA,NA,NA,NA,26.6,"UMBS",NA,NA,NA,NA,NA,NA,NA,NA,NA,NA,NA,NA,NA,NA,3
"L14-0542","PSA3",".3","A","A",NA,NA,217.93,8.8,0,0,0,NA,96.86,NA,NA,"SAND",4.72,5.1,18.1,"UMBS",282,111,58,15.6,16.5,0.7,4.8,126,4,17.1,2.8,2,4.2,1.84,18
"L14-0543","PSA3",".3","0--15","0--15",15,318.4,417.3,1.61,2.48,0.16,0.1,"LITTLE CHARCOAL",NA,1.31,"M",NA,NA,NA,0.4,"JML",NA,NA,NA,NA,NA,NA,NA,NA,NA,NA,NA,NA,NA,0.85,8
"L14-0544","PSA3",".3","15--30","15--30",15,318.4,435.95,0.38,0.55,2.08,0.8,"NO CHARCOAL",NA,1.37,"M","SAND",4.67,0.3,0.4,"UMBS",30,7,6,0.6,55.7,0.2,13.3,12.3,2.3,2.9,4.1,0.8,1,6.42,9
"L14-0545","PSA3",".3","30--60","30--60",30,636.8,978.11,2.9,0.1,11.96,4.8,"CHARCOAL",NA,1.55,"M",NA,NA,NA,0.3,"UMBS",NA,NA,NA,NA,NA,NA,NA,NA,NA,NA,NA,NA,NA,0.94,15
"L14-0546","PSA3",".3","60--100","60--100",40,849.1,1328.51,0.42,0.04,2.99,1.2,"METAL",NA,1.57,"M","SAND",5.31,0.5,0.1,"PLOTXDEPTH EST.",12,5,2,0.9,38.1,0.1,3.9,1.4,1.1,6.9,9.6,0,0.1,0,4
"L14-0548","DNR1",".1","Oe","Oe",NA,NA,13.88,0,0,0,0,NA,6.17,NA,NA,NA,NA,NA,29.4,"UMBS",NA,NA,NA,NA,NA,NA,NA,NA,NA,NA,NA,NA,NA,NA,2
"L14-0549","DNR1",".1","A","A",NA,NA,105.38,9.42,0,0,0,NA,46.84,NA,NA,"SAND",4.73,6.4,24.4,"UMBS",912,126,120,14.5,13.2,0.4,4.4,127.8,6.8,17,6.7,2,7.8,1.97,11
"L14-0550","DNR1",".1","0--15","0--15",15,318.4,380.73,1.23,0,0,0,NA,NA,1.2,"M",NA,NA,NA,0.7,"JML",NA,NA,NA,NA,NA,NA,NA,NA,NA,NA,NA,NA,NA,3.98,13
"L14-0551","DNR1",".1","15--30","15--30",15,318.4,520.91,1.8,1.22,13.88,5.6,"NO CHARCOAL",NA,1.67,"M","SAND",4.7,0.9,0.5,"JML",22,8,5,0.9,140.7,0.2,18.3,5,1.4,7.2,3.9,0.9,1.1,3.93,13
"L14-0552","DNR1",".1","30--60","30--60",30,636.8,727.43,1.78,0.29,167.58,67,"METAL",NA,1.28,"M",NA,NA,NA,0.3,"JML",NA,NA,NA,NA,NA,NA,NA,NA,NA,NA,NA,NA,NA,1.34,10
"L14-0553","DNR1",".1","60--100","60--100",40,849.1,1793.56,0.6,0.04,66.92,26.8,NA,NA,2.18,"M","SAND",5.15,0.4,0.2,"PLOTXDEPTH EST.",7,4,2,0.3,36.3,0.1,3.6,0.4,1.1,7.2,11.5,0,0.1,0,14
"L14-0555","DNR1",".2","Oe","Oe",NA,NA,4.34,0,0,0,0,NA,1.93,NA,NA,NA,NA,NA,31.1,"UMBS",NA,NA,NA,NA,NA,NA,NA,NA,NA,NA,NA,NA,NA,NA,1
"L14-0556","DNR1",".2","A","A",NA,NA,83.74,2.65,0,0,0,NA,37.22,NA,NA,"SAND",4.06,7.5,12.2,"UMBS",402,247,92,29.6,16.1,2.3,4.7,106.8,6.3,25.3,11.5,4.3,7.8,0.55,5
"L14-0557","DNR1",".2","0--15","0--15",15,318.4,438.39,0.98,0,0,0,NA,NA,1.38,"M",NA,NA,NA,0.7,"JML",NA,NA,NA,NA,NA,NA,NA,NA,NA,NA,NA,NA,NA,1.12,15
"L14-0558","DNR1",".2","15--30","15--30",15,318.4,494.64,0.51,0.46,0.46,0.2,NA,NA,1.55,"M","SAND",4.4,0.6,0.5,"UMBS",37,15,10,0.7,81.6,0.2,15.4,7,7,6.1,4.7,1.2,1.5,4.71,12
"L14-0559","DNR1",".2","30--60","30--60",30,636.8,978.51,2.13,3.97,7.74,3.1,NA,NA,1.54,"M",NA,NA,NA,0.3,"PLOTXDEPTH EST.",NA,NA,NA,NA,NA,NA,NA,NA,NA,NA,NA,NA,NA,1.81,12
"L14-0560","DNR1",".2","60--100","60--100",40,849.1,1546.68,0.82,0.04,24.94,10,NA,NA,1.84,"M","SAND",5.29,0.4,0.2,"JML",8,5,2,0.2,37.2,0.1,3,0.7,0.8,3.9,11.4,0,0.1,0,12
"L14-0562","DNR1",".3","Oe","Oe",NA,NA,9.37,0,0,0,0,NA,4.16,NA,NA,NA,NA,NA,34.4,"UMBS",NA,NA,NA,NA,NA,NA,NA,NA,NA,NA,NA,NA,NA,NA,1
"L14-0563","DNR1",".3","A","A",NA,NA,312.51,5.29,0,0,0,NA,138.89,NA,NA,"SAND",4.39,6.3,10.7,"UMBS",668,136,123,17.9,14.7,0.2,2.8,53.4,6.3,17.4,3.6,3.2,8,1.11,15
"L14-0564","DNR1",".3","0--15","0--15",15,318.4,333.1,1.24,0,0,0,NA,NA,1.05,"M",NA,NA,NA,0.7,"JML",NA,NA,NA,NA,NA,NA,NA,NA,NA,NA,NA,NA,NA,2.01,11
"L14-0565","DNR1",".3","15--30","15--30",15,318.4,393.01,0.91,1.39,61.97,24.8,NA,NA,1.34,"M","GRAVELLY SAND",4.85,1.3,0.9,"UMBS",68,32,15,1.3,160.1,0.2,15.4,4.4,1.2,6.4,4.5,0.9,1.5,2.09,19
"L14-0566","DNR1",".3","30--60","30--60",30,636.8,1020.82,0.94,0,141.38,56.6,"NO WOOD/CHARCOAL",NA,1.76,"M",NA,NA,NA,0.3,"PLOTXDEPTH EST.",NA,NA,NA,NA,NA,NA,NA,NA,NA,NA,NA,NA,NA,1.1,13
"L14-0567","DNR1",".3","60--100","60--100",40,849.1,1624.58,0.5,0.06,35.65,14.3,"CHARCOAL AND METAL",NA,1.95,"M","SAND",5.23,0.7,0.2,"PLOTXDEPTH EST.",13,10,3,0.3,44.2,0.1,4.6,0.4,0.7,16.4,5.8,0,0.1,0,12
"L14-0569","DNR2",".1","Oe","Oe",NA,NA,13.28,0,0,0,0,NA,5.9,NA,NA,NA,NA,NA,28.6,"UMBS",NA,NA,NA,NA,NA,NA,NA,NA,NA,NA,NA,NA,NA,NA,2
"L14-0570","DNR2",".1","A","A",NA,NA,204.67,12.81,0,9.34,3.7,NA,90.96,NA,NA,"SAND",4.6,5.3,14.3,"UMBS",690,134,105,12.3,22.1,0.3,6.9,87.5,5,17.4,8.5,2.9,7.6,2.68,13
"L14-0571","DNR2",".1","0--15","0--15",15,318.4,415.6,2.16,0,0,0,NA,NA,1.31,"M",NA,NA,NA,0.7,"JML",NA,NA,NA,NA,NA,NA,NA,NA,NA,NA,NA,NA,NA,0.67,14
"L14-0572","DNR2",".1","15--30","15--30",15,318.4,353.46,0.3,5.94,30.59,12.2,"LOTS OF CHARCOAL",NA,1.15,"M","SAND",4.78,1.1,1.6,"JML",11,8,3,0.5,66.1,0.1,7,2.5,1.3,4.2,36,1.1,1.2,2.41,27
"L14-0573","DNR2",".1","30--60","30--60",30,636.8,983.52,1.09,2.38,48.5,19.4,NA,NA,1.59,"M",NA,NA,NA,0.3,"JML",NA,NA,NA,NA,NA,NA,NA,NA,NA,NA,NA,NA,NA,2.68,13
"L14-0574","DNR2",".1","60--100","60--100",40,849.1,1706.04,1.21,0.54,49.48,19.8,"CHARCOAL",NA,2.06,"M","GRAVELLY SAND",5.01,0.6,0.2,"JML",8,6,2,0.9,37.6,0.2,6.6,5.9,1.4,3.9,22.4,0,0.1,0,15
"L14-0576","DNR2",".2","Oe","Oe",NA,NA,4.32,0,0,0,0,NA,1.92,NA,NA,NA,NA,NA,35.2,"UMBS",NA,NA,NA,NA,NA,NA,NA,NA,NA,NA,NA,NA,NA,NA,1
"L14-0577","DNR2",".2","A","A",NA,NA,96.49,1.35,0,7.88,3.2,NA,42.88,NA,NA,"SAND",5.02,6.7,15,"UMBS",933,153,152,11.9,20.8,0.7,5.4,141.6,9,14.4,8.6,1.7,8.1,0.28,6
"L14-0578","DNR2",".2","0--15","0--15",15,318.4,329.73,0.96,0,0,0,NA,NA,1.04,"M",NA,NA,NA,1,"UMBS",NA,NA,NA,NA,NA,NA,NA,NA,NA,NA,NA,NA,NA,0.91,15
"L14-0579","DNR2",".2","15--30","15--30",15,318.4,475.66,0.41,0.45,20.69,8.3,NA,NA,1.53,"M","SAND",4.93,0.9,0.7,"UMBS",30,16,7,0.5,126.5,0.2,5.8,3.5,5.6,15.7,4,0.5,0.7,4.87,16
"L14-0580","DNR2",".2","30--60","30--60",30,636.8,1013.15,2.2,1.66,35.5,14.2,NA,NA,1.63,"M",NA,NA,NA,0.3,"PLOTXDEPTH EST.",NA,NA,NA,NA,NA,NA,NA,NA,NA,NA,NA,NA,NA,1.98,14
"L14-0581","DNR2",".2","60--100","60--100",40,849.1,1711.51,0.9,0.02,100.2,40.1,"HAS GRAV. WT. RECORDED BUT NO SAMPLE IN VIAL",NA,2.12,"M","GRAVELLY SAND",4.95,0.8,0.2,"PLOTXDEPTH EST.",6,6,2,0.4,73.2,0.1,5.9,0.9,1.1,22.1,19.6,0,0.1,0,16
"L14-0583","DNR2",".3","Oe","Oe",NA,NA,29.27,0,0,0,0,NA,13.01,NA,NA,NA,NA,NA,32.1,"UMBS",NA,NA,NA,NA,NA,NA,NA,NA,NA,NA,NA,NA,NA,NA,4
"L14-0584","DNR2",".3","A","A",NA,NA,293.6,11.68,0,0,0,"RERUN",130.49,NA,NA,"SAND",4.89,8.2,24.7,"UMBS",1159,167,168,26.1,11.9,0.6,4.7,206.8,5.9,18.2,11.2,2.2,9.8,2.44,32
"L14-0585","DNR2",".3","0--15","0--15",15,318.4,390.03,1.57,0,0,0,NA,NA,1.22,"M",NA,NA,NA,1.3,"UMBS",NA,NA,NA,NA,NA,NA,NA,NA,NA,NA,NA,NA,NA,1.97,24
"L14-0586","DNR2",".3","15--30","15--30",15,318.4,438.54,0.89,0.18,80.07,32,NA,NA,1.53,"M","GRAVELLY SAND",4.58,0.7,0.9,"UMBS",48,11,10,1.3,100.8,0.3,25.1,9.1,2.3,4.8,25.8,1.2,1.6,1.91,21
"L14-0587","DNR2",".3","30--60","30--60",30,636.8,827.74,0.86,0,184.2,73.7,NA,NA,1.47,"M",NA,NA,NA,0.3,"PLOTXDEPTH EST.",NA,NA,NA,NA,NA,NA,NA,NA,NA,NA,NA,NA,NA,1.31,12
"L14-0588","DNR2",".3","60--100","60--100",40,849.1,1606.27,0.59,0.02,24.02,9.6,NA,NA,1.91,"M","SAND",5.35,0.4,0.2,"PLOTXDEPTH EST.",13,3,3,0.3,28.5,0.1,5.2,0.7,0.9,1.8,11.9,0,0.1,0,14
"L14-0590","DNR3",".1","Oe","Oe",NA,NA,17.56,0,0,0,0,NA,7.8,NA,NA,NA,NA,NA,33.4,"UMBS",NA,NA,NA,NA,NA,NA,NA,NA,NA,NA,NA,NA,NA,NA,3
"L14-0591","DNR3",".1","A","A",NA,NA,238.97,33.45,0,0,0,NA,106.21,NA,NA,"SAND",4.38,9.8,8.5,"UMBS",673,185,97,18.8,16.1,0.9,4.7,68,7.7,26,8.5,3.3,8,6.99,9
"L14-0592","DNR3",".1","0--15","0--15",15,318.4,415.13,0.9,0,0,0,NA,NA,1.3,"M",NA,NA,NA,0.6,"JML",NA,NA,NA,NA,NA,NA,NA,NA,NA,NA,NA,NA,NA,1.62,11
"L14-0593","DNR3",".1","15--30","15--30",15,318.4,358.07,0.73,3.1,11.9,4.8,NA,NA,1.14,"M","SAND",4.37,0.3,0.7,"JML",44,17,7,1.2,56.9,0.3,13.5,7.9,2.6,5.4,3.5,1.4,1.8,2.01,12
"L14-0594","DNR3",".1","30--60","30--60",30,636.8,1038.92,0.91,0.54,29.15,11.7,NA,NA,1.66,"M",NA,NA,NA,0.2,"JML",NA,NA,NA,NA,NA,NA,NA,NA,NA,NA,NA,NA,NA,0.62,12
"L14-0595","DNR3",".1","60--100","60--100",40,849.1,1785.21,0.28,0.01,17.24,6.9,NA,NA,2.12,"M","FINE SAND",5.35,0.4,0.1,"PLOTXDEPTH EST.",9,7,2,0.3,36.3,0.1,3.5,0.6,1.5,3.4,8.8,0,0.1,0,4
"L14-0597","DNR3",".2","Oe","Oe",NA,NA,26.55,0,0,0,0,"D15NBAD?",11.8,NA,NA,NA,NA,NA,42,"UMBS",NA,NA,NA,NA,NA,NA,NA,NA,NA,NA,NA,NA,NA,NA,5
"L14-0598","DNR3",".2","A","A",NA,NA,211.38,15.82,0,0,0,NA,93.95,NA,NA,"SAND",4.53,21.8,27.2,"UMBS",1561,219,200,36.8,10.3,0.9,3.4,132.2,6.7,28.8,17.8,3.9,14,3.3,26
"L14-0599","DNR3",".2","0--15","0--15",15,318.4,418.89,0.87,0,0,0,NA,NA,1.32,"M",NA,NA,NA,0.6,"UMBS",NA,NA,NA,NA,NA,NA,NA,NA,NA,NA,NA,NA,NA,2.39,12
"L14-0600","DNR3",".2","15--30","15--30",15,318.4,512.33,1.08,0.5,11.39,4.6,NA,NA,1.63,"M","SAND",4.88,0.3,0.9,"UMBS",35,14,6,0.5,149.8,0.2,7.7,1.4,4.8,11.6,4,0.7,1,2.12,21
"L14-0601","DNR3",".2","30--60","30--60",30,636.8,898.3,0.96,0.29,162.46,65,NA,NA,1.57,"M",NA,NA,NA,0.2,"PLOTXDEPTH EST.",NA,NA,NA,NA,NA,NA,NA,NA,NA,NA,NA,NA,NA,0.31,12
"L14-0602","DNR3",".2","60--100","60--100",40,849.1,1262,0.14,0,48.47,19.4,NA,NA,1.52,"M","FINE SAND",5.27,0.2,0.1,"JML",6,4,1,0.4,34.4,0.1,4.4,0.3,0.6,6.6,7.5,0,0.1,0,3
"L14-0604","DNR3",".3","Oe","Oe",NA,NA,15.9,0,0,0,0,"D15NBAD?",7.07,NA,NA,NA,NA,NA,34.8,"UMBS",NA,NA,NA,NA,NA,NA,NA,NA,NA,NA,NA,NA,NA,NA,2
"L14-0605","DNR3",".3","A","A",NA,NA,365.94,18.47,0,0,0,NA,162.64,NA,NA,"SAND",4.81,5.8,17.9,"PLOTXDEPTH MEAN",648,116,107,14,21.5,1.3,5.9,107,4,17.1,14.8,2.5,6.9,3.86,29
"L14-0606","DNR3",".3","0--15","0--15",15,318.4,333.15,0.91,0,11.7,4.7,NA,NA,1.06,"M",NA,NA,NA,1.2,"UMBS",NA,NA,NA,NA,NA,NA,NA,NA,NA,NA,NA,NA,NA,0.85,19
"L14-0607","DNR3",".3","15--30","15--30",15,318.4,404.76,0.38,2.84,39.5,15.8,NA,NA,1.34,"M","SAND",4.99,0.5,0.6,"UMBS",9,11,3,0.5,99.5,0.2,8.4,1.5,1.5,11.1,2.5,0.2,0.3,1.21,13
"L14-0608","DNR3",".3","30--60","30--60",30,636.8,974.45,0.55,0,12.62,5,NA,NA,1.54,"M",NA,NA,NA,0.2,"PLOTXDEPTH EST.",NA,NA,NA,NA,NA,NA,NA,NA,NA,NA,NA,NA,NA,0,11
"L14-0609","DNR3",".3","60--100","60--100",40,849.1,1557.88,0,0,0,0,NA,NA,1.83,"M","FINE SAND",5.11,0.2,0.1,"PLOTXDEPTH EST.",6,5,2,0.6,45.9,0.1,4.2,0.3,0.7,18.2,3.8,0,0.1,0,4
